"DOY","State","X2002.2003","X2003.2004","X2004.2005","X2005.2006","X2006.2007","X2007.2008","X2008.2009","X2009.2010","X2010.2011","X2011.2012","X2012.2013","X2013.2014","X2014.2015","X2015.2016","X2016.2017","X2017.2018","X2018.2019","X2019.2020"
1,"New South Wales",6,2,146,3,14,21,17,14,4,66,4,6,7,11,7,8,2,52
2,"New South Wales",23,1,70,3,6,9,32,16,1,47,5,23,43,2,5,22,25,60
3,"New South Wales",59,7,45,6,8,8,19,8,2,19,3,21,27,8,12,4,31,53
4,"New South Wales",81,12,12,6,39,20,28,9,8,14,21,38,31,1,13,26,47,33
5,"New South Wales",74,24,34,54,20,21,16,4,4,12,15,12,13,5,1,25,77,23
6,"New South Wales",72,15,44,15,47,27,16,7,1,15,18,14,13,14,2,23,14,21
7,"New South Wales",32,8,58,17,20,5,3,7,3,8,33,8,39,14,0,23,20,10
8,"New South Wales",75,2,37,1,20,0,4,7,5,30,21,32,29,12,8,28,10,0
9,"New South Wales",102,9,46,4,18,7,5,32,7,4,38,13,64,5,11,10,42,25
10,"New South Wales",112,11,21,2,108,34,1,13,5,16,10,5,36,6,6,4,46,4
11,"New South Wales",97,13,2,18,39,23,8,9,4,20,0,20,58,0,10,61,62,20
12,"New South Wales",76,2,4,0,76,11,12,8,14,34,5,5,36,2,4,38,49,18
13,"New South Wales",94,9,9,2,92,46,6,11,4,5,0,9,33,0,1,44,43,5
14,"New South Wales",10,28,24,1,4,5,13,12,3,15,1,0,4,7,1,15,47,26
15,"New South Wales",28,39,68,1,1,19,12,0,3,27,0,0,0,3,7,0,76,28
16,"New South Wales",53,37,48,4,4,12,17,2,7,1,4,0,6,5,3,8,74,70
17,"New South Wales",70,19,78,8,4,50,9,1,10,0,4,14,19,1,5,26,91,77
18,"New South Wales",78,46,19,28,2,39,20,20,13,3,13,10,26,4,19,43,88,102
19,"New South Wales",51,25,16,28,12,37,20,12,1,8,7,2,16,6,23,15,64,52
20,"New South Wales",34,26,20,13,7,39,9,41,6,16,4,2,12,6,18,54,38,40
21,"New South Wales",62,38,66,25,8,10,2,48,14,16,7,1,18,6,3,53,30,49
22,"New South Wales",42,53,48,19,11,15,9,6,8,47,6,15,30,2,0,35,52,30
23,"New South Wales",68,29,79,37,9,18,40,13,8,20,4,13,18,1,6,25,80,107
24,"New South Wales",73,1,15,11,0,11,4,16,7,25,6,13,8,4,11,57,124,100
25,"New South Wales",51,11,3,59,2,15,4,31,5,5,7,24,24,2,3,55,96,77
26,"New South Wales",59,0,5,31,8,38,8,0,16,25,5,18,3,1,46,86,53,16
27,"New South Wales",72,32,6,53,3,27,4,40,5,54,17,29,29,3,0,59,65,67
28,"New South Wales",28,41,8,40,4,26,1,22,1,31,10,11,46,10,18,55,13,48
29,"New South Wales",23,57,12,23,17,7,3,47,1,72,14,12,59,6,48,89,31,22
30,"New South Wales",23,31,39,54,33,35,15,27,1,11,5,14,75,8,29,24,73,17
31,"New South Wales",6,47,18,37,21,74,10,25,0,21,47,13,109,14,56,46,105,45
32,"New South Wales",20,48,29,73,22,25,30,31,6,50,44,16,218,16,22,55,83,28
33,"New South Wales",1,25,7,46,8,64,4,12,4,63,18,17,107,22,94,87,59,48
34,"New South Wales",10,74,25,50,22,16,7,59,9,94,53,13,42,18,13,10,56,44
35,"New South Wales",16,79,32,3,15,58,9,12,16,121,25,5,21,18,1,8,32,13
36,"New South Wales",0,34,17,9,16,69,30,44,7,56,64,40,30,13,0,9,81,76
37,"New South Wales",38,76,4,23,12,46,5,31,24,8,25,18,49,19,1,39,35,101
38,"New South Wales",1,47,20,9,60,104,8,27,6,9,67,43,17,12,2,49,65,55
39,"New South Wales",72,45,25,66,45,64,19,45,31,8,90,17,52,20,14,49,68,72
40,"New South Wales",70,57,14,27,80,132,9,19,22,10,67,39,11,19,26,84,60,100
41,"New South Wales",74,47,27,112,57,215,27,38,0,11,10,46,37,30,15,65,70,180
42,"New South Wales",106,3,17,50,78,166,4,23,3,4,27,30,36,39,22,80,40,166
43,"New South Wales",103,14,63,11,34,107,36,33,2,18,22,47,29,22,16,42,56,104
44,"New South Wales",135,7,73,40,61,58,45,48,8,12,26,23,86,71,18,80,91,106
45,"New South Wales",77,20,24,24,65,37,34,54,0,23,24,35,58,40,39,50,103,75
46,"New South Wales",98,14,64,36,95,33,66,61,25,6,21,45,75,31,16,77,251,69
47,"New South Wales",64,9,23,29,97,4,26,86,9,28,60,104,0,17,45,168,138,46
48,"New South Wales",34,7,36,81,41,6,38,71,42,0,39,18,1,43,39,133,84,65
49,"New South Wales",12,5,9,78,53,2,15,55,28,5,54,44,1,48,31,149,127,43
50,"New South Wales",38,44,14,47,35,2,40,81,9,0,60,21,4,30,51,42,110,88
51,"New South Wales",63,22,14,0,83,1,73,30,17,2,18,48,11,74,12,57,123,94
52,"New South Wales",18,4,35,50,75,29,89,16,9,10,43,66,6,20,18,9,182,69
53,"New South Wales",19,29,63,51,162,10,3,24,55,16,40,26,19,58,11,94,97,47
54,"New South Wales",48,1,28,58,88,6,12,84,0,31,28,106,4,10,3,113,58,45
55,"New South Wales",40,2,48,81,82,17,16,66,9,28,17,69,15,1,3,77,83,58
56,"New South Wales",30,20,74,37,121,6,21,187,15,45,25,89,11,3,0,41,14,41
57,"New South Wales",48,25,97,91,25,29,28,165,12,34,27,85,6,7,0,46,10,54
58,"New South Wales",34,41,39,34,22,32,57,87,11,12,21,77,18,1,8,65,45,72
59,"New South Wales",48,115,41,43,41,41,40,226,29,23,44,149,13,13,13,111,32,74
60,"New South Wales",49,39,39,60,13,16,27,23,36,12,50,32,27,9,13,137,82,36
61,"New South Wales",51,66,13,16,29,74,28,48,31,31,69,105,13,16,17,94,17,42
62,"New South Wales",10,31,48,36,23,37,1,54,84,20,51,30,58,19,3,73,16,20
63,"New South Wales",37,46,5,48,27,38,6,52,42,25,54,78,6,38,0,96,10,9
64,"New South Wales",26,34,6,31,18,16,9,60,76,56,71,67,5,12,2,40,7,34
65,"New South Wales",38,79,15,6,11,42,9,1,2,36,35,61,24,3,5,86,29,89
66,"New South Wales",35,139,10,8,30,16,4,1,2,17,118,121,16,14,2,90,7,77
67,"New South Wales",30,102,6,6,51,20,2,16,4,32,132,56,21,7,5,158,39,38
68,"New South Wales",11,143,8,16,23,6,2,13,5,37,107,64,24,0,15,128,4,426
69,"New South Wales",27,83,30,44,14,20,3,4,16,40,68,59,33,18,6,95,26,477
70,"New South Wales",33,83,9,37,20,8,7,15,8,11,108,45,35,34,6,69,14,364
71,"New South Wales",33,105,2,42,4,11,26,30,4,1,97,67,16,54,14,64,38,339
72,"New South Wales",60,251,2,16,4,17,24,48,2,13,78,94,14,32,10,55,69,206
73,"New South Wales",52,212,28,9,11,30,77,60,22,8,52,94,45,22,3,81,47,132
74,"New South Wales",38,87,10,30,14,56,31,65,6,12,36,73,33,37,17,39,53,316
75,"New South Wales",27,31,19,43,28,48,33,70,2,28,73,38,12,30,11,49,59,312
76,"New South Wales",53,105,38,25,35,21,22,44,5,62,19,29,31,66,0,72,46,226
77,"New South Wales",87,222,25,49,45,62,5,44,4,91,17,21,12,84,1,40,49,188
78,"New South Wales",26,101,44,0,36,23,15,54,9,107,38,0,24,38,0,27,41,340
79,"New South Wales",7,126,70,3,16,107,32,41,13,88,27,7,30,28,3,39,39,11
80,"New South Wales",30,127,73,21,44,85,16,33,22,48,7,15,42,19,8,70,64,39
81,"New South Wales",50,181,57,24,70,105,27,45,8,106,10,36,9,8,0,65,61,109
82,"New South Wales",65,154,32,77,45,60,34,60,18,68,7,20,30,22,2,100,60,40
83,"New South Wales",79,68,43,46,46,41,30,11,17,114,19,16,19,14,4,92,65,7
84,"New South Wales",32,123,50,54,69,28,48,6,13,66,18,22,48,48,1,74,10,72
85,"New South Wales",34,146,89,64,75,31,9,12,10,52,36,32,94,44,2,38,25,125
86,"New South Wales",71,196,22,43,75,41,4,62,11,11,65,42,18,66,7,116,26,48
87,"New South Wales",234,188,42,12,23,58,8,49,12,17,51,33,0,49,14,65,34,11
88,"New South Wales",150,270,27,0,25,65,30,97,22,13,33,76,13,29,0,110,35,33
89,"New South Wales",126,251,53,19,20,45,39,171,23,70,83,85,12,40,12,39,38,119
90,"New South Wales",187,123,26,31,24,106,50,111,15,0,73,80,25,57,43,45,5,92
91,"New South Wales",122,153,50,23,39,79,51,83,16,8,81,65,44,48,48,63,12,57
92,"New South Wales",172,61,17,28,31,133,94,72,58,14,13,18,74,31,7,6,30,23
93,"New South Wales",142,0,16,19,27,147,53,136,1,0,61,7,40,39,43,12,9,13
94,"New South Wales",202,1,11,97,25,59,41,55,0,2,32,15,22,44,47,5,24,11
95,"New South Wales",232,4,5,115,15,71,30,22,1,4,41,28,17,28,53,9,23,25
96,"New South Wales",159,1,17,114,32,74,43,1,15,5,47,31,34,32,4,7,1,32
97,"New South Wales",9,1,11,33,70,65,8,3,10,0,109,35,30,24,39,7,0,5
98,"New South Wales",79,0,36,128,14,12,21,8,10,0,147,22,34,72,63,6,0,39
99,"New South Wales",134,12,31,8,30,14,1,22,5,2,48,11,10,58,91,6,5,100
100,"New South Wales",285,20,44,57,19,3,47,16,2,0,80,22,40,22,24,0,9,542
101,"New South Wales",215,15,78,83,32,15,18,10,4,7,10,33,26,44,6,8,19,134
102,"New South Wales",24,23,29,65,12,8,7,2,7,2,62,97,34,26,12,9,3,35
103,"New South Wales",23,16,26,108,27,11,5,1,6,7,27,31,18,20,26,4,5,4
104,"New South Wales",10,17,35,39,40,0,6,8,6,18,5,12,18,13,36,5,2,5
105,"New South Wales",11,13,68,27,36,26,3,14,1,15,10,38,15,16,25,6,2,3
106,"New South Wales",95,45,33,6,47,29,7,69,1,13,11,48,5,15,22,7,8,10
107,"New South Wales",125,7,51,4,8,35,1,55,3,45,10,58,16,12,29,3,12,23
108,"New South Wales",191,11,17,0,2,73,2,54,2,19,25,107,21,20,27,35,8,6
109,"New South Wales",185,8,16,6,0,21,7,41,6,10,65,243,12,14,35,20,8,48
110,"New South Wales",264,9,0,12,9,20,16,19,13,8,83,192,7,6,3,22,5,109
111,"New South Wales",602,6,10,0,11,39,7,21,8,26,45,202,7,15,23,15,11,269
112,"New South Wales",229,13,17,0,0,13,14,16,11,38,91,231,15,31,29,0,17,153
113,"New South Wales",180,47,12,1,7,41,13,26,6,32,327,128,15,6,41,4,3,128
114,"New South Wales",178,22,20,11,12,35,19,6,20,7,4,14,19,26,12,6,19,215
115,"New South Wales",912,22,20,10,21,36,11,12,1,23,98,126,6,13,5,2,45,93
116,"New South Wales",321,34,8,16,13,3,17,34,1,19,61,245,2,21,10,31,48,117
117,"New South Wales",572,13,14,4,25,3,1,18,2,10,69,183,9,5,39,6,33,91
118,"New South Wales",195,18,22,20,8,4,7,0,7,1,124,185,28,7,78,4,27,329
119,"New South Wales",4,10,35,23,41,17,9,0,9,2,20,108,23,4,39,22,28,274
120,"New South Wales",27,29,13,15,26,3,15,0,15,6,27,65,105,0,18,2,5,214
121,"New South Wales",46,25,54,8,23,15,37,2,12,0,33,46,107,4,26,21,10,156
122,"New South Wales",143,19,19,0,8,24,12,4,1,11,2,17,77,3,22,16,30,42
123,"New South Wales",245,2,8,5,9,1,40,6,2,9,4,29,34,4,0,27,35,176
124,"New South Wales",80,21,14,4,12,1,26,16,0,4,35,43,49,1,14,37,17,188
125,"New South Wales",12,12,30,10,7,1,6,8,4,12,22,169,57,4,18,27,7,141
126,"New South Wales",152,19,13,5,0,1,0,16,14,6,67,165,21,0,46,14,17,28
127,"New South Wales",324,21,33,0,2,7,1,21,5,13,7,118,9,0,39,8,20,79
128,"New South Wales",267,14,11,2,0,2,9,1,1,3,7,48,5,0,65,2,4,58
129,"New South Wales",363,8,1,2,3,0,13,4,2,4,18,167,6,0,77,6,13,276
130,"New South Wales",267,9,8,3,8,0,9,3,7,18,22,108,4,0,126,16,6,1890
131,"New South Wales",539,8,4,4,2,4,6,3,0,31,4,179,10,1,84,20,17,3428
132,"New South Wales",387,5,1,9,0,0,5,4,3,1,4,138,10,13,1,26,6,2269
133,"New South Wales",149,30,3,5,9,1,3,13,1,14,3,32,7,20,2,9,12,1303
134,"New South Wales",13,19,4,8,6,2,35,26,9,1,4,8,0,9,5,17,13,601
135,"New South Wales",68,8,7,10,5,19,6,9,8,5,3,18,7,7,19,2,31,2510
136,"New South Wales",69,9,8,11,3,26,7,2,5,0,20,6,22,9,1,1,9,1059
137,"New South Wales",27,11,48,9,46,8,1,4,3,5,24,21,34,14,11,10,0,1101
138,"New South Wales",9,14,10,4,66,17,18,4,0,17,33,15,30,1,2,7,16,1888
139,"New South Wales",0,31,20,54,6,6,1,17,3,7,4,12,40,3,3,6,12,875
140,"New South Wales",79,1,30,9,23,2,0,34,3,0,5,3,36,6,6,5,20,349
141,"New South Wales",112,7,9,9,91,7,1,43,7,2,8,1,30,17,5,4,3,885
142,"New South Wales",90,31,15,9,223,26,0,34,4,11,7,6,3,9,11,1,8,1549
143,"New South Wales",17,7,6,1,131,37,0,37,3,18,17,17,10,34,15,3,3,501
144,"New South Wales",4,0,0,2,148,16,2,76,7,5,2,11,28,10,19,8,0,1001
145,"New South Wales",24,3,2,2,359,1,9,97,2,6,4,0,19,2,35,2,16,883
146,"New South Wales",20,0,6,0,123,0,2,15,4,0,11,1,34,12,28,11,18,277
147,"New South Wales",105,1,4,1,66,3,4,43,2,0,8,8,70,13,54,12,7,120
148,"New South Wales",117,10,11,3,159,0,1,71,2,0,5,10,2,22,17,26,8,258
149,"New South Wales",160,30,25,1,62,0,1,67,0,0,4,39,5,26,16,8,17,375
150,"New South Wales",54,16,19,4,17,3,6,77,5,0,8,38,30,44,17,4,3,231
151,"New South Wales",2,7,10,7,104,4,1,49,0,2,8,26,3,8,8,8,2,465
152,"New South Wales",8,15,21,1,1244,4,1,73,0,8,74,1,7,15,12,1,24,399
153,"New South Wales",25,10,48,9,81,2,5,38,0,1,14,10,1,25,17,6,13,148
154,"New South Wales",46,14,38,12,42,7,12,7,0,0,9,9,7,6,12,2,22,602
155,"New South Wales",26,3,56,1,58,1,13,2,0,0,16,11,15,12,18,1,70,1053
156,"New South Wales",68,1,13,7,57,4,10,22,1,1,1,15,10,30,10,3,34,1698
157,"New South Wales",615,4,14,14,70,5,11,11,0,1,5,1,2,11,9,2,22,2229
158,"New South Wales",529,8,1,18,103,0,0,31,2,2,37,13,2,9,14,9,14,2651
159,"New South Wales",382,4,3,17,43,3,1,86,3,0,94,45,2,7,6,14,30,2734
160,"New South Wales",233,6,0,15,110,5,0,143,6,0,19,17,2,22,1,50,7,1812
161,"New South Wales",385,9,5,15,153,6,1,218,3,0,3,25,15,7,0,8,6,629
162,"New South Wales",85,25,10,35,50,1,1,616,8,0,1,0,5,8,2,7,4,1459
163,"New South Wales",11,23,0,30,144,0,10,129,3,0,13,9,3,6,21,20,8,874
164,"New South Wales",28,6,6,19,116,4,12,223,4,1,12,3,16,14,5,29,1,174
165,"New South Wales",49,12,2,10,74,2,8,132,1,0,16,19,13,9,14,23,0,240
166,"New South Wales",47,15,0,10,20,2,0,220,4,2,44,11,4,18,25,8,0,64
167,"New South Wales",25,9,4,40,2,13,1,5,8,1,40,2,3,34,33,10,7,660
168,"New South Wales",53,8,25,10,33,1,5,12,9,1,17,10,19,2,23,7,5,1087
169,"New South Wales",48,9,30,3,60,0,13,14,9,4,6,3,67,2,7,17,3,1228
170,"New South Wales",31,3,2,12,85,8,46,30,1,5,23,8,23,7,3,5,14,1260
171,"New South Wales",9,7,22,28,75,3,25,4,4,0,27,10,5,13,7,16,9,1951
172,"New South Wales",29,22,7,12,62,3,13,9,1,2,17,24,6,29,11,20,14,2180
173,"New South Wales",62,0,19,35,5,4,10,7,9,0,3,27,4,40,11,14,18,1315
174,"New South Wales",73,2,17,24,10,2,1,14,13,5,6,14,9,1,22,1,18,2266
175,"New South Wales",34,8,19,3,3,1,0,50,5,0,11,106,0,2,12,2,6,226
176,"New South Wales",2,14,20,9,5,6,20,22,6,3,4,17,0,3,3,2,6,302
177,"New South Wales",23,1,2,9,3,1,12,4,1,1,15,2,0,1,9,7,10,90
178,"New South Wales",63,8,0,56,1,1,9,0,3,3,21,0,3,2,5,5,6,374
179,"New South Wales",12,3,0,28,3,2,11,0,0,0,44,1,14,1,3,8,9,530
180,"New South Wales",1,1,2,14,3,0,8,1,0,0,40,4,0,1,2,6,16,843
181,"New South Wales",13,1,1,1,2,4,0,0,0,2,5,3,0,0,9,9,5,1358
182,"New South Wales",11,8,3,7,6,3,3,3,11,2,13,15,3,8,8,5,6,925
183,"New South Wales",2,6,7,17,1,6,0,1,12,1,8,10,3,10,25,1,10,2963
184,"New South Wales",4,1,11,24,0,3,7,2,15,1,3,31,2,1,29,0,5,1758
185,"New South Wales",2,4,11,69,4,5,16,1,7,6,7,14,0,1,13,1,5,1089
186,"New South Wales",7,5,1,64,3,5,6,0,3,12,17,0,2,2,6,3,14,747
187,"New South Wales",27,14,3,63,0,4,0,1,5,11,19,60,18,0,0,5,8,NA
188,"New South Wales",41,16,0,30,4,0,5,2,10,9,22,63,7,0,19,11,23,NA
189,"New South Wales",13,28,10,28,7,0,4,13,1,0,10,93,4,2,3,4,32,NA
190,"New South Wales",35,22,13,14,3,19,7,15,3,6,22,124,3,5,2,7,27,NA
191,"New South Wales",82,6,9,11,9,3,19,6,10,3,75,21,15,12,2,10,20,NA
192,"New South Wales",92,37,20,5,0,0,10,10,5,1,82,2,3,23,8,7,11,NA
193,"New South Wales",206,35,6,15,7,2,3,18,3,12,338,13,5,13,5,1,11,NA
194,"New South Wales",265,16,7,10,16,2,4,8,0,7,88,2,0,22,10,5,12,NA
195,"New South Wales",365,9,20,4,25,8,7,14,1,25,22,54,0,8,11,5,6,NA
196,"New South Wales",461,4,30,2,32,3,19,13,0,12,86,57,2,15,17,16,10,NA
197,"New South Wales",159,2,42,1,361,3,0,9,5,1,11,36,0,23,22,22,9,NA
198,"New South Wales",248,18,39,4,193,2,11,1,0,1,166,69,4,69,36,9,12,NA
199,"New South Wales",157,4,26,4,64,8,18,5,0,0,95,54,13,29,10,23,11,NA
200,"New South Wales",196,1,12,7,56,2,18,10,8,3,73,88,20,9,1,11,30,NA
201,"New South Wales",931,0,9,5,12,4,14,5,19,4,59,56,6,15,8,129,34,NA
202,"New South Wales",903,5,6,2,12,0,3,8,10,3,160,180,13,2,43,164,25,NA
203,"New South Wales",957,7,20,6,23,0,1,36,8,4,54,251,7,24,12,321,24,NA
204,"New South Wales",612,10,14,2,85,3,3,37,8,1,24,99,6,17,27,445,8,NA
205,"New South Wales",882,8,20,3,53,1,9,13,3,3,9,151,12,13,0,190,23,NA
206,"New South Wales",376,33,15,10,30,1,11,19,12,27,21,69,7,0,5,80,19,NA
207,"New South Wales",426,17,8,10,6,5,13,23,18,15,35,12,4,5,5,22,46,NA
208,"New South Wales",352,8,1,7,0,4,4,8,11,2,14,0,3,1,10,42,47,NA
209,"New South Wales",564,7,0,12,0,3,0,7,13,0,55,11,5,1,3,7,63,NA
210,"New South Wales",982,12,11,10,5,4,4,24,18,0,16,11,4,5,21,8,20,NA
211,"New South Wales",86,13,15,2,25,4,3,7,21,0,4,11,1,0,7,8,37,NA
212,"New South Wales",206,14,22,5,35,4,12,3,29,0,13,17,1,4,5,11,28,NA
213,"New South Wales",298,17,17,3,32,12,15,6,11,0,4,53,1,4,11,26,23,NA
214,"New South Wales",540,38,22,4,18,12,29,4,8,0,3,17,11,4,5,12,25,NA
215,"New South Wales",223,12,9,16,26,10,23,1,23,0,10,34,4,16,17,5,24,NA
216,"New South Wales",100,11,15,29,10,3,22,3,15,0,29,68,8,19,19,1,31,NA
217,"New South Wales",289,6,13,34,2,1,23,1,9,0,8,29,6,13,15,3,42,NA
218,"New South Wales",246,23,5,20,32,0,26,1,9,0,8,39,23,3,9,4,66,NA
219,"New South Wales",429,15,16,9,77,0,16,4,18,2,5,10,13,5,12,12,8,NA
220,"New South Wales",123,27,21,19,134,2,3,2,16,1,9,3,6,7,22,36,15,NA
221,"New South Wales",59,19,31,110,52,1,33,0,0,4,23,7,25,11,17,7,4,NA
222,"New South Wales",83,15,18,65,44,3,33,0,2,7,8,20,17,0,44,26,7,NA
223,"New South Wales",46,13,33,30,5,0,44,10,9,22,17,9,20,41,23,12,10,NA
224,"New South Wales",34,11,20,22,39,20,44,5,7,10,17,7,10,31,22,14,2,NA
225,"New South Wales",33,37,0,25,41,6,2,12,17,12,25,22,28,27,7,17,17,NA
226,"New South Wales",44,23,22,25,52,0,0,5,11,9,11,13,13,13,8,46,34,NA
227,"New South Wales",62,16,16,25,47,3,6,7,6,5,11,39,11,13,87,9,151,NA
228,"New South Wales",42,10,16,38,10,1,35,0,1,8,40,14,28,13,228,54,266,NA
229,"New South Wales",36,5,8,22,19,4,0,1,5,6,24,0,11,31,77,137,84,NA
230,"New South Wales",29,7,18,19,13,3,0,6,2,5,12,0,5,33,23,139,118,NA
231,"New South Wales",7,3,17,36,14,50,0,2,3,9,13,1,7,40,26,88,50,NA
232,"New South Wales",15,19,20,27,1,44,0,6,4,17,8,2,19,43,34,67,75,NA
233,"New South Wales",8,19,30,15,3,8,1,0,29,22,4,7,6,42,22,42,63,NA
234,"New South Wales",3,5,18,8,4,12,0,7,1,5,5,7,7,21,13,14,56,NA
235,"New South Wales",0,15,12,11,8,5,3,2,11,3,11,3,7,2,7,8,13,NA
236,"New South Wales",0,14,0,10,9,5,1,5,9,4,15,10,2,1,51,14,12,NA
237,"New South Wales",5,10,27,24,13,28,1,9,34,14,29,3,9,10,30,7,20,NA
238,"New South Wales",5,9,33,27,15,13,1,11,24,32,20,3,23,24,31,2,20,NA
239,"New South Wales",21,6,61,14,1,2,5,4,59,68,3,16,19,36,48,3,27,NA
240,"New South Wales",29,10,17,2,4,3,12,6,7,15,1,20,19,17,25,2,32,NA
241,"New South Wales",20,19,13,5,1,14,11,9,24,0,3,7,24,12,12,5,27,NA
242,"New South Wales",20,16,6,6,3,4,12,14,5,0,1,22,30,5,8,16,18,NA
243,"New South Wales",7,20,1,20,11,12,9,0,16,15,3,0,9,10,40,31,16,NA
244,"New South Wales",8,10,54,6,1,6,14,0,8,6,0,0,16,33,11,56,2,NA
245,"New South Wales",16,67,64,6,4,6,4,6,45,17,0,6,46,57,33,11,15,NA
246,"New South Wales",33,52,65,11,8,2,1,13,59,0,0,7,29,28,40,18,13,NA
247,"New South Wales",31,63,35,4,3,22,5,3,46,9,0,23,82,34,10,10,24,NA
248,"New South Wales",40,41,61,7,0,31,11,1,57,1,5,5,109,18,7,32,39,NA
249,"New South Wales",51,46,36,10,3,34,30,4,34,6,15,12,118,34,2,11,17,NA
250,"New South Wales",23,0,15,39,1,32,29,2,302,2,14,20,104,14,74,16,20,NA
251,"New South Wales",38,4,50,40,8,11,18,2,64,4,19,6,30,61,46,39,2,NA
252,"New South Wales",37,42,72,12,5,8,6,4,17,7,22,10,182,37,67,47,6,NA
253,"New South Wales",37,24,57,23,7,12,12,8,7,11,13,47,94,31,88,24,32,NA
254,"New South Wales",43,82,94,31,33,30,9,20,2,20,9,42,186,21,74,42,53,NA
255,"New South Wales",32,15,118,30,26,34,13,12,19,8,39,11,74,15,89,29,68,NA
256,"New South Wales",36,5,34,20,21,51,1,5,18,9,70,100,68,28,20,67,18,NA
257,"New South Wales",21,25,13,20,18,57,4,3,9,40,50,25,38,20,18,37,26,NA
258,"New South Wales",31,3,69,35,16,30,3,23,35,27,58,3,13,26,16,38,33,NA
259,"New South Wales",35,25,85,28,12,38,6,50,98,28,35,12,53,22,47,16,20,NA
260,"New South Wales",69,85,56,35,7,14,37,62,159,9,20,42,8,64,53,33,4,NA
261,"New South Wales",77,119,25,11,2,9,25,70,173,6,16,92,105,121,106,101,21,NA
262,"New South Wales",23,76,55,5,12,53,27,41,113,2,34,96,60,8,6,93,13,NA
263,"New South Wales",41,86,8,23,11,8,71,55,49,20,81,79,50,21,20,49,55,NA
264,"New South Wales",65,13,19,48,18,10,29,10,13,70,53,43,41,8,11,7,51,NA
265,"New South Wales",21,9,53,7,23,1,27,59,5,28,7,41,5,98,14,17,9,NA
266,"New South Wales",15,29,79,46,15,2,11,66,18,37,3,2,23,235,17,22,12,NA
267,"New South Wales",52,30,105,64,3,1,21,121,18,18,18,16,7,100,17,19,5,NA
268,"New South Wales",57,91,94,11,3,4,61,125,15,15,24,29,163,71,29,16,2,NA
269,"New South Wales",58,75,24,10,16,4,39,69,31,36,80,0,33,13,13,43,9,NA
270,"New South Wales",44,106,17,56,26,12,26,45,87,41,177,2,71,33,15,46,30,NA
271,"New South Wales",21,43,1,31,14,14,14,11,312,4,114,0,52,14,97,115,25,NA
272,"New South Wales",24,23,7,25,21,19,41,1,168,23,10,1,21,29,331,65,5,NA
273,"New South Wales",27,45,17,3,24,16,16,2,214,65,9,16,125,120,257,28,5,NA
274,"New South Wales",55,81,46,25,19,9,17,6,303,49,16,137,199,89,123,25,16,NA
275,"New South Wales",31,71,68,38,34,59,19,38,256,49,4,181,244,235,229,31,43,NA
276,"New South Wales",9,140,167,25,90,174,27,17,148,23,13,314,17,139,202,40,32,NA
277,"New South Wales",26,123,75,128,22,13,26,25,111,48,122,21,97,188,51,131,89,NA
278,"New South Wales",23,13,38,40,46,26,8,20,264,147,88,3,7,120,159,112,22,NA
279,"New South Wales",41,13,28,122,30,71,7,119,219,133,132,5,1,251,272,122,65,NA
280,"New South Wales",35,90,103,79,12,20,9,3,234,200,57,5,7,233,141,137,61,NA
281,"New South Wales",181,31,103,59,18,16,25,1,243,34,39,91,2,100,205,116,47,NA
282,"New South Wales",54,60,64,96,24,16,44,17,414,44,30,96,24,292,228,67,47,NA
283,"New South Wales",73,84,31,69,39,27,34,11,102,4,95,16,46,69,102,193,53,NA
284,"New South Wales",40,76,44,169,45,29,52,18,13,33,126,4,151,74,36,149,81,NA
285,"New South Wales",2,46,37,194,108,45,10,14,1,132,103,8,23,84,79,155,61,NA
286,"New South Wales",16,24,61,206,102,66,2,64,18,72,168,13,67,118,273,113,76,NA
287,"New South Wales",0,116,178,6,60,13,0,56,39,171,133,4,186,418,169,57,28,NA
288,"New South Wales",8,263,162,12,13,11,4,118,44,72,47,61,225,212,251,63,22,NA
289,"New South Wales",20,74,81,28,37,35,11,50,135,2,26,93,162,217,97,32,70,NA
290,"New South Wales",75,60,19,31,37,54,4,74,62,56,38,107,278,85,227,73,63,NA
291,"New South Wales",23,80,23,271,54,47,56,24,186,167,65,105,10,28,70,137,58,NA
292,"New South Wales",16,39,29,58,81,43,25,22,294,330,9,39,2,55,132,198,55,NA
293,"New South Wales",27,87,92,351,30,30,41,55,69,16,124,61,1,54,216,71,44,NA
294,"New South Wales",23,55,172,138,79,20,22,42,5,17,68,46,11,105,309,99,33,NA
295,"New South Wales",31,208,114,55,12,8,62,67,10,20,132,85,23,96,340,43,6,NA
296,"New South Wales",55,241,149,86,7,10,52,50,47,54,24,28,67,93,10,61,10,NA
297,"New South Wales",77,209,92,56,40,55,70,87,150,15,39,121,80,46,26,142,14,NA
298,"New South Wales",36,51,33,310,17,35,100,13,116,22,65,123,39,87,71,97,19,NA
299,"New South Wales",77,55,28,114,24,77,3,4,139,9,77,156,11,113,84,46,31,NA
300,"New South Wales",6,54,25,421,30,33,15,30,276,9,44,13,5,129,28,98,43,NA
301,"New South Wales",0,78,117,290,0,18,15,1,275,25,86,103,64,323,7,138,49,NA
302,"New South Wales",19,253,170,110,1,2,30,57,258,49,188,97,62,227,18,71,92,NA
303,"New South Wales",30,107,259,8,1,12,25,44,231,142,77,16,71,160,57,72,79,NA
304,"New South Wales",55,96,11,1,12,39,12,120,99,131,24,23,80,11,59,163,75,NA
305,"New South Wales",44,28,61,16,19,30,69,31,77,63,26,69,81,3,74,154,3,NA
306,"New South Wales",76,18,22,34,22,11,68,84,7,150,67,11,12,27,73,56,2,NA
307,"New South Wales",41,21,138,62,60,22,70,116,32,6,144,1,74,23,81,54,2,NA
308,"New South Wales",62,120,50,171,55,30,32,68,99,36,141,5,84,77,266,37,9,NA
309,"New South Wales",40,174,102,219,27,25,106,24,143,8,69,18,87,137,163,59,26,NA
310,"New South Wales",101,185,71,58,32,53,45,28,26,30,26,32,69,314,98,98,60,NA
311,"New South Wales",63,286,43,27,76,26,118,44,94,12,120,87,59,313,162,122,91,NA
312,"New South Wales",101,174,51,78,43,50,95,23,59,15,44,95,50,97,165,181,78,NA
313,"New South Wales",22,178,29,117,39,113,105,26,77,114,89,18,32,9,259,229,77,NA
314,"New South Wales",11,69,59,153,44,52,84,85,458,120,120,1,19,0,149,52,4,NA
315,"New South Wales",17,192,83,93,64,47,30,126,28,132,255,12,18,3,308,30,25,NA
316,"New South Wales",20,274,125,257,43,3,75,73,15,70,219,22,17,37,93,27,36,NA
317,"New South Wales",21,156,113,98,7,65,52,84,7,26,63,74,23,27,62,37,34,NA
318,"New South Wales",11,233,55,58,84,74,94,91,38,10,3,81,75,55,65,95,139,NA
319,"New South Wales",2,140,82,230,39,63,38,47,106,92,11,75,104,74,32,114,85,NA
320,"New South Wales",11,78,30,297,15,105,48,14,110,53,10,103,136,82,155,148,75,NA
321,"New South Wales",18,35,66,275,10,14,17,14,365,56,11,44,131,97,165,104,56,NA
322,"New South Wales",6,197,61,101,6,4,30,44,74,111,21,18,177,80,190,56,37,NA
323,"New South Wales",37,8,103,145,15,13,72,79,339,68,10,56,6,53,115,47,15,NA
324,"New South Wales",26,139,97,45,7,44,7,17,132,50,47,23,5,165,0,87,39,NA
325,"New South Wales",49,238,95,64,23,34,10,47,191,56,185,75,1,199,1,61,76,NA
326,"New South Wales",48,294,49,78,21,40,10,27,19,121,48,86,20,96,0,82,56,NA
327,"New South Wales",39,231,28,135,23,79,13,48,3,82,2,66,45,121,26,110,73,NA
328,"New South Wales",27,4,123,146,44,22,12,2,3,243,11,21,1,99,28,135,34,NA
329,"New South Wales",29,8,44,97,51,46,15,0,9,3,27,54,9,139,24,125,54,NA
330,"New South Wales",44,0,93,112,29,15,9,12,59,2,14,22,9,118,45,94,51,NA
331,"New South Wales",81,15,142,32,37,26,9,8,13,1,30,16,9,1,55,32,69,NA
332,"New South Wales",75,37,56,56,36,36,26,5,64,8,21,7,16,37,25,52,66,NA
333,"New South Wales",97,32,48,96,45,28,26,0,10,14,64,33,2,28,39,13,78,NA
334,"New South Wales",61,193,87,150,23,47,42,0,19,17,115,6,8,35,31,30,141,NA
335,"New South Wales",41,118,112,167,9,16,13,2,157,73,22,7,3,80,66,45,75,NA
336,"New South Wales",10,527,110,139,10,21,5,5,109,42,17,5,19,47,57,32,50,NA
337,"New South Wales",4,237,144,32,20,7,3,1,216,17,0,2,34,25,55,38,16,NA
338,"New South Wales",18,0,77,35,8,20,0,5,35,0,1,0,25,12,70,40,12,NA
339,"New South Wales",27,21,150,33,16,2,6,15,13,1,0,1,59,0,50,46,16,NA
340,"New South Wales",46,26,38,37,15,0,3,2,8,20,17,14,9,0,95,77,38,NA
341,"New South Wales",48,92,28,137,6,11,4,9,16,0,2,6,14,0,29,51,83,NA
342,"New South Wales",24,80,122,35,4,14,0,22,3,9,1,18,8,0,61,48,39,NA
343,"New South Wales",15,211,120,307,2,21,9,16,33,4,3,16,47,6,85,13,11,NA
344,"New South Wales",36,93,83,28,3,9,1,8,32,6,7,16,22,2,74,3,20,NA
345,"New South Wales",27,102,25,0,2,0,4,11,35,5,20,33,54,3,48,32,23,NA
346,"New South Wales",61,14,7,7,5,0,4,7,66,9,14,17,82,2,10,25,50,NA
347,"New South Wales",48,20,4,23,6,5,8,11,16,26,23,31,25,2,38,50,54,NA
348,"New South Wales",19,3,17,103,7,7,11,11,19,12,1,1,18,16,25,23,26,NA
349,"New South Wales",14,23,0,52,4,4,4,9,24,40,1,0,4,17,39,28,32,NA
350,"New South Wales",10,43,14,191,6,6,5,26,29,4,0,0,5,20,62,19,25,NA
351,"New South Wales",38,34,26,83,9,3,4,22,66,26,3,14,0,53,38,13,14,NA
352,"New South Wales",49,28,16,192,1,14,24,0,7,5,12,16,0,30,2,17,42,NA
353,"New South Wales",18,40,22,184,6,30,9,4,13,2,6,11,0,1,6,23,21,NA
354,"New South Wales",35,13,28,87,2,8,18,10,9,4,16,4,2,0,25,46,93,NA
355,"New South Wales",7,3,0,227,3,1,17,3,24,11,10,3,1,0,45,6,48,NA
356,"New South Wales",3,9,0,49,3,2,4,16,11,22,15,11,2,0,76,83,63,NA
357,"New South Wales",8,25,10,26,9,1,2,5,10,16,13,5,1,1,51,50,51,NA
358,"New South Wales",37,60,4,1,9,10,5,5,10,2,4,4,1,4,48,53,16,NA
359,"New South Wales",2,71,0,5,5,3,19,16,33,5,9,13,0,2,47,20,54,NA
360,"New South Wales",7,15,8,0,6,6,12,2,29,12,2,31,0,0,41,61,22,NA
361,"New South Wales",25,40,8,28,6,26,15,6,30,14,7,28,7,0,30,48,76,NA
362,"New South Wales",2,9,37,91,2,10,1,3,51,12,9,16,5,0,36,4,55,NA
363,"New South Wales",11,43,5,65,1,11,1,15,29,14,0,6,6,0,4,2,72,NA
364,"New South Wales",2,64,66,161,1,1,1,11,50,8,1,1,15,17,2,13,18,NA
365,"New South Wales",0,115,0,7,4,22,2,11,19,17,4,19,0,11,13,8,15,NA
1,"Queensland",51,21,164,11,33,87,25,47,35,169,15,106,66,21,195,82,6,120
2,"Queensland",33,52,135,41,51,119,96,57,27,30,45,124,156,18,206,14,20,120
3,"Queensland",133,41,88,63,78,54,92,54,24,117,45,66,110,35,67,74,48,116
4,"Queensland",132,110,50,37,76,123,81,88,11,73,106,73,67,28,56,35,70,70
5,"Queensland",148,100,185,25,78,67,86,50,38,89,112,22,255,55,24,74,61,131
6,"Queensland",92,57,73,42,60,98,25,43,12,218,160,58,90,53,39,57,104,42
7,"Queensland",142,52,165,47,81,55,73,58,38,145,70,28,297,70,60,19,196,114
8,"Queensland",161,28,149,36,61,82,14,78,12,213,71,71,80,80,100,61,53,62
9,"Queensland",87,31,149,80,28,102,19,109,21,90,37,54,258,43,75,36,188,88
10,"Queensland",147,32,137,52,125,126,41,78,9,152,5,26,113,54,114,20,188,5
11,"Queensland",114,56,64,121,67,132,66,153,24,118,3,24,208,57,158,83,375,99
12,"Queensland",110,15,39,37,131,91,16,49,77,207,2,36,135,324,53,171,100,111
13,"Queensland",93,102,36,59,9,106,31,88,50,180,28,43,95,204,182,57,187,58
14,"Queensland",61,74,105,117,10,74,33,46,58,42,17,8,42,353,20,37,140,153
15,"Queensland",152,72,102,48,3,127,43,127,33,43,30,29,73,122,24,23,87,95
16,"Queensland",77,83,147,143,11,56,53,154,111,7,2,28,105,144,40,26,103,207
17,"Queensland",197,46,88,84,16,104,25,96,78,154,26,48,53,203,28,327,102,177
18,"Queensland",134,66,52,146,17,81,50,120,38,42,20,36,133,97,26,36,146,111
19,"Queensland",90,23,75,37,57,123,37,90,25,204,29,25,100,207,18,133,78,254
20,"Queensland",44,100,74,91,46,225,62,153,32,227,74,103,132,22,102,486,75,60
21,"Queensland",127,52,144,97,36,87,29,74,60,154,47,5,342,100,26,81,68,309
22,"Queensland",136,71,97,55,44,187,8,86,28,186,94,68,102,39,95,164,119,35
23,"Queensland",93,15,100,106,23,112,0,106,110,125,159,48,197,31,58,42,172,287
24,"Queensland",149,20,62,43,50,98,0,91,32,406,92,90,58,41,228,146,137,130
25,"Queensland",137,68,29,114,23,30,19,85,44,125,157,115,145,16,131,145,284,265
26,"Queensland",220,26,47,127,138,48,15,36,30,135,64,85,92,48,173,231,123,367
27,"Queensland",129,68,65,159,49,98,49,133,34,151,134,102,162,42,17,99,286,178
28,"Queensland",68,40,39,137,58,98,95,142,68,316,105,25,146,90,61,138,117,234
29,"Queensland",55,177,62,103,80,86,50,177,4,65,258,97,199,40,167,144,276,81
30,"Queensland",41,67,121,146,134,205,137,106,76,84,195,101,184,72,156,72,204,192
31,"Queensland",40,73,47,44,87,417,70,164,12,310,157,188,109,46,247,143,235,89
32,"Queensland",31,138,45,70,74,203,259,139,125,215,165,51,97,61,160,68,194,97
33,"Queensland",44,76,42,45,111,179,104,115,69,372,111,69,79,100,177,170,106,51
34,"Queensland",37,84,49,58,68,69,111,112,105,224,313,86,107,73,62,24,60,67
35,"Queensland",104,57,50,9,268,89,124,82,147,258,137,64,103,147,132,50,43,94
36,"Queensland",10,73,102,50,143,206,123,170,37,46,399,186,137,78,158,23,105,60
37,"Queensland",76,85,116,48,239,101,144,104,141,58,255,106,116,142,63,14,21,50
38,"Queensland",38,59,75,35,185,356,123,155,39,113,409,439,125,129,111,76,75,12
39,"Queensland",139,20,93,102,303,87,318,135,188,127,416,241,171,203,35,65,135,59
40,"Queensland",130,45,117,87,291,139,98,88,59,548,329,268,47,161,127,170,122,46
41,"Queensland",79,93,190,221,178,103,135,194,6,254,519,145,53,90,66,79,145,169
42,"Queensland",103,33,233,112,182,136,58,171,45,454,266,158,50,193,199,134,54,200
43,"Queensland",99,148,176,34,78,189,215,350,58,368,492,179,157,111,64,76,158,239
44,"Queensland",195,113,250,69,112,143,163,225,203,422,240,86,70,163,62,119,113,183
45,"Queensland",132,110,171,91,110,133,162,443,135,185,465,169,58,94,183,114,182,107
46,"Queensland",107,85,295,113,357,85,188,449,368,209,280,132,22,179,64,158,130,50
47,"Queensland",114,49,156,114,395,85,138,427,240,400,332,113,50,55,98,199,121,77
48,"Queensland",20,77,219,201,159,5,166,374,366,138,246,76,149,135,45,120,97,137
49,"Queensland",87,83,92,138,300,18,115,231,154,295,281,102,126,113,115,221,153,94
50,"Queensland",41,216,136,267,134,3,116,337,208,212,256,196,225,110,72,168,325,201
51,"Queensland",37,135,104,97,275,20,220,100,104,428,116,188,90,186,149,233,167,228
52,"Queensland",23,102,67,171,132,33,247,291,58,199,301,220,137,47,70,102,238,163
53,"Queensland",32,82,146,314,448,19,26,209,305,265,119,96,110,76,53,109,180,219
54,"Queensland",90,57,159,274,436,46,80,252,82,249,227,183,74,13,155,128,258,84
55,"Queensland",50,45,211,285,299,14,173,324,80,211,130,91,183,40,26,120,102,164
56,"Queensland",87,73,145,256,458,43,58,187,72,460,159,196,98,127,108,199,56,64
57,"Queensland",77,261,128,466,178,36,241,258,81,149,374,124,227,126,52,105,91,192
58,"Queensland",94,80,29,158,363,89,58,176,115,103,179,129,174,148,150,102,92,126
59,"Queensland",79,248,105,220,228,58,155,211,95,216,340,135,371,76,110,123,165,143
60,"Queensland",127,106,108,115,276,104,122,195,85,884,208,115,284,89,151,167,125,160
61,"Queensland",214,124,79,169,127,172,83,166,59,288,464,197,168,43,229,154,157,119
62,"Queensland",228,52,188,230,173,49,38,129,107,427,332,179,273,192,77,150,35,158
63,"Queensland",297,133,23,159,123,201,52,167,163,937,332,221,175,169,129,91,141,89
64,"Queensland",266,140,97,238,70,53,128,315,490,554,414,143,348,163,27,57,312,184
65,"Queensland",420,177,114,113,63,81,98,95,276,671,366,130,199,128,82,115,218,139
66,"Queensland",201,233,84,230,30,19,186,261,36,324,537,66,339,124,62,105,398,272
67,"Queensland",238,129,105,193,163,53,74,124,21,662,358,96,227,98,135,270,202,316
68,"Queensland",193,253,83,192,188,60,118,248,21,314,620,95,192,46,100,118,378,492
69,"Queensland",145,106,142,265,284,34,113,134,254,685,223,64,172,109,50,237,272,380
70,"Queensland",175,198,55,155,185,83,140,389,103,655,428,180,111,65,121,323,307,411
71,"Queensland",97,230,59,243,243,38,262,405,231,321,417,56,209,220,37,153,325,591
72,"Queensland",330,213,24,111,192,150,202,362,54,984,626,136,62,145,65,256,298,328
73,"Queensland",244,358,122,122,160,166,253,551,181,549,342,89,343,117,26,97,253,340
74,"Queensland",317,356,125,100,318,262,107,403,116,616,249,218,134,143,103,170,86,81
75,"Queensland",52,281,164,235,144,406,363,521,178,545,697,270,215,106,95,140,319,150
76,"Queensland",229,152,189,184,190,218,263,166,337,1131,197,131,232,194,95,387,108,164
77,"Queensland",227,489,170,215,83,354,161,399,199,868,537,163,320,87,55,201,178,101
78,"Queensland",236,316,348,29,118,200,240,292,384,1199,397,80,282,252,8,199,193,114
79,"Queensland",171,344,214,204,139,465,220,396,43,1517,430,194,299,168,30,260,440,106
80,"Queensland",170,415,418,371,257,465,375,322,55,1012,291,257,662,393,45,253,331,198
81,"Queensland",586,350,159,241,182,498,181,378,10,1971,414,571,287,165,38,120,204,146
82,"Queensland",264,506,170,235,160,433,537,762,2,579,610,307,388,91,26,184,473,74
83,"Queensland",546,378,315,233,423,325,251,417,28,1060,438,368,80,134,28,370,222,93
84,"Queensland",375,481,232,398,156,497,477,870,7,472,653,462,266,234,32,223,315,87
85,"Queensland",548,271,304,383,284,281,321,652,75,613,279,375,212,698,71,233,82,157
86,"Queensland",1211,357,228,258,132,458,194,1060,35,597,761,572,106,359,230,259,226,98
87,"Queensland",896,276,435,388,316,308,201,674,53,919,347,316,185,411,100,219,124,121
88,"Queensland",816,212,157,132,303,486,136,770,18,1461,657,408,155,164,139,191,305,66
89,"Queensland",340,297,289,507,176,383,420,882,92,1034,566,218,380,236,215,169,324,140
90,"Queensland",473,215,225,315,356,358,218,509,71,1184,468,212,120,349,215,306,123,146
91,"Queensland",245,359,324,607,253,481,322,962,98,539,636,343,228,124,268,145,400,187
92,"Queensland",762,198,377,522,458,241,413,546,288,1394,116,236,131,381,58,240,243,267
93,"Queensland",584,157,244,270,197,284,623,830,149,2084,107,257,353,227,114,24,667,208
94,"Queensland",457,188,230,575,287,77,436,128,242,1487,217,103,350,759,208,30,397,114
95,"Queensland",628,232,466,561,252,98,150,162,93,991,410,203,156,222,547,163,540,152
96,"Queensland",329,435,834,896,254,118,273,275,392,616,321,207,304,344,21,50,368,292
97,"Queensland",242,323,528,539,349,216,105,410,289,560,379,369,213,409,196,192,279,150
98,"Queensland",381,293,378,513,339,178,283,676,353,252,413,327,554,262,117,101,269,391
99,"Queensland",701,31,754,353,480,116,192,352,129,506,342,436,272,349,412,185,145,227
100,"Queensland",530,248,842,279,186,192,498,773,19,359,507,722,611,156,486,97,277,384
101,"Queensland",638,54,1529,553,277,140,512,340,79,583,470,390,345,308,459,289,220,398
102,"Queensland",623,136,913,663,231,198,292,464,8,900,767,435,205,73,628,322,618,149
103,"Queensland",276,193,510,669,413,97,312,279,83,950,413,302,280,187,310,210,350,231
104,"Queensland",471,192,351,544,258,206,180,403,78,1407,312,376,215,144,764,267,300,141
105,"Queensland",175,148,872,741,102,587,225,657,248,1525,307,170,282,169,391,127,250,232
106,"Queensland",485,190,557,223,245,369,101,611,118,2123,357,247,200,295,616,226,122,130
107,"Queensland",565,441,735,231,137,434,170,1035,17,2619,786,264,586,149,197,65,389,247
108,"Queensland",549,201,749,267,326,355,93,1150,67,1527,644,111,357,279,254,30,95,203
109,"Queensland",869,340,495,503,118,410,317,1287,62,1075,1051,133,573,111,392,18,376,105
110,"Queensland",562,187,394,290,251,202,332,422,198,486,685,140,756,356,170,48,144,249
111,"Queensland",998,400,131,79,227,435,299,818,147,317,1270,323,742,334,408,45,321,143
112,"Queensland",582,198,260,279,177,196,262,745,144,411,639,169,760,312,211,18,287,311
113,"Queensland",823,290,458,104,142,197,141,719,99,569,1292,398,320,181,397,8,271,120
114,"Queensland",607,571,1341,356,104,150,335,864,76,237,686,249,579,157,182,48,297,157
115,"Queensland",1140,331,1778,338,207,163,593,685,141,559,1528,126,338,310,213,118,197,112
116,"Queensland",673,360,2121,210,104,190,926,1096,103,368,847,204,1005,327,51,106,546,69
117,"Queensland",638,301,2108,198,305,135,676,713,263,866,379,172,389,424,122,266,390,39
118,"Queensland",510,357,1180,172,151,320,590,892,279,1408,952,238,357,230,167,288,994,23
119,"Queensland",330,490,1243,351,246,246,475,552,437,1479,792,303,539,483,178,218,564,91
120,"Queensland",649,204,816,264,215,336,371,406,162,1475,595,389,453,378,387,302,595,70
121,"Queensland",423,846,1604,611,191,358,874,366,657,1043,420,227,665,309,293,105,288,20
122,"Queensland",1356,602,1201,296,178,291,524,281,356,1877,284,195,488,287,528,209,86,2
123,"Queensland",705,1198,576,697,108,561,980,599,154,1153,406,283,905,240,378,309,190,53
124,"Queensland",678,304,662,462,201,368,454,359,85,1229,640,139,397,358,431,481,188,38
125,"Queensland",397,819,414,459,106,667,832,1327,71,642,1673,177,248,157,450,314,482,43
126,"Queensland",335,545,1152,411,152,295,720,863,60,1402,1312,185,265,438,155,433,171,64
127,"Queensland",671,860,515,462,111,601,524,1842,68,884,1585,525,111,166,434,339,442,54
128,"Queensland",551,542,636,598,232,418,790,811,71,417,1304,198,219,129,130,318,403,92
129,"Queensland",647,683,264,177,470,865,524,324,69,522,1185,267,144,195,340,585,357,124
130,"Queensland",394,881,287,472,436,382,1218,372,69,621,1317,392,494,114,289,294,513,302
131,"Queensland",822,293,330,209,588,796,621,121,186,1695,987,251,366,183,388,457,229,343
132,"Queensland",439,502,368,413,418,710,418,438,138,879,1123,458,531,120,249,123,206,487
133,"Queensland",490,200,680,345,779,352,267,171,164,926,142,184,339,307,215,234,122,526
134,"Queensland",255,505,489,306,525,428,523,805,42,1084,201,327,348,161,328,389,348,244
135,"Queensland",306,441,847,305,765,57,596,504,73,1510,290,88,513,179,210,307,287,544
136,"Queensland",322,617,631,246,1093,205,666,441,32,1354,662,119,370,107,387,181,509,278
137,"Queensland",190,364,1804,517,725,159,1287,647,54,1234,1289,172,468,153,143,119,264,383
138,"Queensland",163,294,1705,237,1390,267,1134,521,97,2364,894,347,263,125,673,362,353,254
139,"Queensland",169,710,1371,407,1317,223,1311,1166,77,1391,1446,520,682,132,780,142,599,339
140,"Queensland",293,368,1200,117,2615,92,702,651,67,1145,912,71,363,383,1221,180,381,507
141,"Queensland",254,649,408,310,1205,78,547,1615,56,346,1234,173,369,136,1395,351,492,359
142,"Queensland",248,496,572,237,1757,111,325,1127,132,956,1006,136,321,600,973,544,135,294
143,"Queensland",306,433,289,140,1060,399,149,1964,43,659,1735,566,311,465,1084,272,356,166
144,"Queensland",251,295,392,316,912,402,141,1409,100,872,1627,170,567,570,356,67,212,261
145,"Queensland",348,133,104,182,1179,639,224,1052,66,241,1017,30,247,286,924,48,127,83
146,"Queensland",150,226,226,186,711,395,234,1187,115,78,882,22,410,195,360,43,185,272
147,"Queensland",375,542,72,21,1360,454,353,593,106,221,892,76,205,397,588,90,461,131
148,"Queensland",355,1051,100,287,769,346,766,482,162,167,1495,263,390,311,611,66,951,128
149,"Queensland",341,339,289,453,1255,278,347,464,156,222,765,376,152,536,767,173,1154,110
150,"Queensland",232,620,225,490,571,294,307,716,15,615,1455,187,144,236,552,134,591,40
151,"Queensland",132,377,628,778,767,117,189,212,17,772,712,288,164,222,127,111,1504,137
152,"Queensland",148,334,368,439,1173,159,36,1097,18,818,1351,135,77,88,265,218,2054,93
153,"Queensland",269,255,1095,319,703,192,48,1748,76,534,1229,39,139,122,81,105,2119,245
154,"Queensland",127,119,936,95,812,604,83,2054,46,481,1335,90,71,126,128,130,1598,138
155,"Queensland",179,166,1010,100,341,210,404,1158,44,171,1444,150,164,166,193,5,1586,391
156,"Queensland",191,99,820,150,478,183,232,623,81,169,1062,223,262,53,373,39,1191,317
157,"Queensland",251,69,640,282,438,89,303,1274,40,12,1790,370,362,78,698,131,544,338
158,"Queensland",610,40,149,363,601,78,859,966,66,42,1233,242,198,395,407,233,369,330
159,"Queensland",796,73,82,260,341,285,367,1585,36,216,4095,570,22,69,930,564,296,268
160,"Queensland",714,181,217,325,99,148,578,1224,67,403,1836,237,117,246,663,289,96,532
161,"Queensland",395,224,150,185,82,256,156,1453,24,1474,1704,405,47,193,662,226,77,515
162,"Queensland",127,289,49,484,78,280,202,1289,71,1179,1462,335,190,187,354,183,60,879
163,"Queensland",196,122,54,308,145,136,106,904,3,344,1144,285,101,173,481,529,42,267
164,"Queensland",622,173,7,614,111,278,234,426,2,210,1521,283,96,151,225,306,104,296
165,"Queensland",791,106,66,663,312,182,163,292,3,252,1084,80,91,55,53,306,42,254
166,"Queensland",313,159,67,784,235,203,361,797,39,771,1974,104,85,56,162,463,41,301
167,"Queensland",196,169,190,877,325,174,227,435,78,752,895,60,146,79,61,470,11,641
168,"Queensland",486,76,167,524,401,254,129,498,114,506,1863,92,97,62,179,437,13,333
169,"Queensland",394,52,449,515,301,135,366,252,137,206,1066,82,319,42,97,223,12,1050
170,"Queensland",480,14,136,195,564,168,290,392,28,67,887,194,225,13,111,386,58,783
171,"Queensland",470,64,138,613,258,273,199,391,13,99,754,199,336,46,59,438,168,1160
172,"Queensland",416,77,200,399,378,228,121,59,1,187,551,154,191,112,66,546,101,908
173,"Queensland",260,153,172,707,428,273,125,118,4,234,753,219,318,33,124,232,161,851
174,"Queensland",276,152,288,738,548,97,171,86,9,728,280,145,174,113,74,173,65,641
175,"Queensland",214,115,113,495,167,103,42,256,9,217,317,278,173,11,195,170,108,364
176,"Queensland",120,147,70,401,209,23,48,268,8,381,241,116,375,189,43,131,83,619
177,"Queensland",331,18,36,157,361,38,71,234,0,432,90,292,192,9,122,337,143,479
178,"Queensland",266,30,14,136,110,2,246,146,1,220,198,151,216,40,41,247,162,746
179,"Queensland",607,13,2,73,163,3,154,65,1,222,149,155,103,8,22,414,206,366
180,"Queensland",184,30,8,125,22,40,106,57,1,47,170,89,239,4,17,229,219,212
181,"Queensland",300,15,17,205,68,34,40,74,12,32,184,177,102,3,23,323,141,168
182,"Queensland",419,71,36,232,71,34,21,60,22,67,309,225,97,10,43,247,143,94
183,"Queensland",411,78,94,310,122,56,19,62,11,132,214,468,109,36,50,315,114,279
184,"Queensland",271,146,96,362,86,38,17,9,12,250,336,1412,69,30,107,279,318,244
185,"Queensland",93,168,74,193,70,19,156,29,9,304,177,393,38,61,41,128,275,360
186,"Queensland",257,250,36,223,195,135,12,7,9,632,108,540,17,16,35,187,305,273
187,"Queensland",262,267,71,242,95,118,2,75,39,534,402,453,60,2,11,122,230,NA
188,"Queensland",151,137,99,103,168,30,13,29,10,954,510,726,14,9,7,90,165,NA
189,"Queensland",147,230,57,295,117,45,2,74,1,558,475,310,25,49,16,24,159,NA
190,"Queensland",223,202,15,411,179,21,19,20,32,895,486,241,23,184,10,42,133,NA
191,"Queensland",225,130,13,319,42,22,75,39,30,487,791,331,80,124,15,107,121,NA
192,"Queensland",337,107,30,154,74,13,28,35,18,461,324,45,56,137,14,75,42,NA
193,"Queensland",396,109,66,83,47,4,10,39,6,513,464,76,41,63,47,76,29,NA
194,"Queensland",331,39,85,27,77,0,13,136,5,304,425,11,67,32,61,70,31,NA
195,"Queensland",104,1,104,19,67,2,8,243,3,772,444,35,12,60,64,169,31,NA
196,"Queensland",34,3,147,44,76,5,10,324,6,659,579,98,31,79,33,75,61,NA
197,"Queensland",142,11,170,21,43,15,2,296,5,629,458,156,14,137,32,180,62,NA
198,"Queensland",113,4,172,17,20,14,15,465,5,297,1093,155,19,67,43,129,83,NA
199,"Queensland",132,0,173,38,45,0,31,179,12,148,529,241,32,76,4,79,57,NA
200,"Queensland",88,0,139,76,28,11,61,225,9,26,233,190,21,17,6,59,106,NA
201,"Queensland",76,3,63,74,46,28,26,166,13,31,120,92,31,29,17,22,106,NA
202,"Queensland",24,6,90,30,37,21,80,345,42,103,392,181,37,49,51,64,51,NA
203,"Queensland",17,7,84,16,64,9,119,537,46,65,351,155,41,54,50,90,103,NA
204,"Queensland",54,22,49,30,17,11,7,343,5,110,242,228,33,82,65,44,81,NA
205,"Queensland",84,33,84,55,26,12,35,385,11,36,181,197,18,63,77,6,137,NA
206,"Queensland",166,29,120,19,21,18,9,80,8,151,196,218,0,119,28,53,56,NA
207,"Queensland",188,51,57,72,21,15,15,204,18,173,241,201,28,34,20,41,95,NA
208,"Queensland",88,8,14,31,22,26,2,139,45,76,163,102,12,27,43,91,52,NA
209,"Queensland",68,25,8,34,17,24,0,115,40,83,9,25,28,11,102,93,61,NA
210,"Queensland",63,43,8,25,15,11,3,98,48,9,10,44,37,19,40,120,22,NA
211,"Queensland",173,75,2,1,15,12,2,107,100,1,17,106,15,12,55,44,68,NA
212,"Queensland",106,53,34,25,32,30,23,108,176,0,44,118,42,10,30,13,41,NA
213,"Queensland",147,31,32,43,95,70,9,49,72,11,71,154,41,24,45,26,30,NA
214,"Queensland",152,26,90,60,46,53,30,13,37,0,420,16,28,21,41,30,20,NA
215,"Queensland",108,47,57,98,61,45,18,0,47,6,239,3,9,13,59,63,25,NA
216,"Queensland",66,29,21,149,2,35,11,8,84,9,212,8,41,15,47,19,24,NA
217,"Queensland",41,2,49,231,28,17,7,14,86,4,302,2,81,2,46,2,2,NA
218,"Queensland",90,2,78,224,45,8,5,44,1,19,499,21,95,12,53,21,0,NA
219,"Queensland",23,19,96,148,38,15,24,90,18,6,675,85,90,2,19,15,13,NA
220,"Queensland",33,19,86,38,63,23,28,39,34,26,338,34,39,6,16,22,3,NA
221,"Queensland",36,26,82,58,63,3,95,27,7,37,268,13,42,4,15,29,0,NA
222,"Queensland",19,21,130,52,39,9,90,34,10,46,180,37,10,11,52,60,1,NA
223,"Queensland",40,50,228,34,38,14,44,30,8,37,187,43,16,6,69,63,51,NA
224,"Queensland",5,30,158,47,109,12,42,8,0,39,48,8,30,27,35,62,21,NA
225,"Queensland",26,52,4,45,91,4,55,22,5,55,56,5,28,8,38,49,109,NA
226,"Queensland",7,68,40,42,44,2,0,32,48,29,39,21,25,19,29,52,53,NA
227,"Queensland",25,45,55,11,108,0,33,36,28,52,53,41,7,22,21,106,121,NA
228,"Queensland",40,32,71,96,40,2,24,39,20,35,59,29,23,24,28,56,415,NA
229,"Queensland",78,30,73,53,38,0,1,8,13,74,41,37,8,47,40,51,321,NA
230,"Queensland",40,45,166,48,21,10,3,16,12,44,23,52,21,37,65,46,104,NA
231,"Queensland",28,20,127,18,34,4,10,1,47,83,6,31,16,82,50,26,81,NA
232,"Queensland",104,25,107,40,6,7,6,0,39,298,18,21,21,50,64,40,148,NA
233,"Queensland",77,28,134,21,8,5,6,1,88,237,1,6,5,56,69,29,123,NA
234,"Queensland",78,12,91,35,54,11,9,5,46,404,4,1,2,21,78,43,173,NA
235,"Queensland",22,33,39,94,50,15,75,12,50,189,6,5,8,8,2,22,138,NA
236,"Queensland",33,17,48,34,40,20,22,19,66,83,13,7,6,6,7,30,233,NA
237,"Queensland",17,14,67,98,38,22,27,27,32,20,111,9,50,7,15,23,89,NA
238,"Queensland",9,6,68,51,45,21,11,5,126,10,35,11,15,23,14,9,65,NA
239,"Queensland",6,39,92,94,28,23,8,19,98,4,54,16,23,24,15,10,44,NA
240,"Queensland",4,5,97,64,65,0,16,4,85,2,56,7,36,25,55,18,32,NA
241,"Queensland",30,16,80,22,62,4,38,11,48,6,22,15,14,56,57,17,54,NA
242,"Queensland",17,48,132,22,71,0,30,7,85,0,26,17,24,32,5,13,54,NA
243,"Queensland",15,30,45,8,61,11,34,0,87,16,1,32,34,22,22,51,26,NA
244,"Queensland",12,16,154,23,60,4,26,0,108,104,4,27,22,24,8,29,34,NA
245,"Queensland",38,17,182,7,61,5,8,0,20,14,1,13,10,19,36,39,15,NA
246,"Queensland",60,57,154,12,34,0,28,0,10,13,24,5,16,43,26,7,36,NA
247,"Queensland",93,16,120,20,83,10,36,1,0,12,25,9,17,48,17,10,24,NA
248,"Queensland",70,35,90,4,54,19,8,5,0,8,4,87,44,0,7,4,67,NA
249,"Queensland",56,7,84,11,38,13,26,0,5,10,3,35,24,6,3,3,74,NA
250,"Queensland",71,4,24,15,15,28,51,4,2,18,10,86,18,6,27,1,63,NA
251,"Queensland",84,12,54,50,14,25,73,3,11,24,7,38,30,5,8,5,36,NA
252,"Queensland",83,16,30,34,15,40,44,6,7,24,6,9,7,14,14,3,4,NA
253,"Queensland",22,45,27,58,31,13,27,9,2,28,6,13,35,12,17,7,34,NA
254,"Queensland",48,32,93,78,61,3,23,1,4,13,2,20,1,10,44,51,84,NA
255,"Queensland",27,8,79,21,46,23,27,3,7,19,25,31,24,7,30,31,92,NA
256,"Queensland",43,15,53,50,28,19,2,10,6,10,18,12,19,10,22,47,41,NA
257,"Queensland",41,12,37,63,32,33,22,2,6,8,21,22,55,19,21,75,29,NA
258,"Queensland",61,7,58,114,31,14,22,15,18,10,23,41,41,23,6,60,57,NA
259,"Queensland",42,8,70,36,45,22,20,11,7,2,50,65,40,5,20,67,98,NA
260,"Queensland",32,16,69,56,36,14,84,19,6,1,32,68,61,12,5,41,80,NA
261,"Queensland",83,22,9,22,62,7,56,13,1,0,34,51,34,15,34,66,36,NA
262,"Queensland",31,28,11,13,26,18,11,17,0,2,60,48,56,8,11,41,28,NA
263,"Queensland",38,12,14,6,34,9,26,7,0,6,3,4,43,19,10,64,23,NA
264,"Queensland",20,21,28,1,21,9,30,13,2,2,13,4,25,14,8,40,52,NA
265,"Queensland",22,5,51,0,35,6,30,10,9,0,14,4,21,20,2,9,28,NA
266,"Queensland",40,17,51,5,24,8,22,2,22,2,27,9,33,17,10,8,49,NA
267,"Queensland",18,11,105,37,6,2,61,18,23,11,39,25,42,18,16,17,35,NA
268,"Queensland",68,31,50,51,4,10,76,21,20,37,13,6,24,16,25,25,36,NA
269,"Queensland",32,83,54,51,29,10,68,15,30,10,45,34,53,27,17,4,1,NA
270,"Queensland",17,63,33,46,60,17,37,9,25,28,18,9,30,10,24,28,0,NA
271,"Queensland",9,64,40,49,22,2,41,7,6,27,39,13,70,0,29,31,12,NA
272,"Queensland",10,34,57,23,57,9,23,11,9,18,15,7,8,17,34,40,1,NA
273,"Queensland",8,53,23,19,33,31,33,22,3,16,40,4,5,11,6,35,2,NA
274,"Queensland",45,30,16,17,28,10,43,1,10,17,59,7,3,40,12,15,6,NA
275,"Queensland",52,58,26,33,17,45,42,7,6,25,8,21,3,20,29,14,18,NA
276,"Queensland",4,86,43,64,37,28,87,26,12,28,4,33,18,20,16,13,28,NA
277,"Queensland",22,53,29,42,52,26,32,6,10,22,5,16,5,28,32,37,38,NA
278,"Queensland",23,23,21,44,17,25,40,12,25,51,29,9,2,15,25,14,77,NA
279,"Queensland",23,6,57,0,46,25,21,2,26,8,6,34,13,19,47,22,25,NA
280,"Queensland",20,42,34,7,14,24,23,17,27,6,15,20,3,8,23,8,30,NA
281,"Queensland",59,39,43,26,36,8,42,21,19,14,4,14,16,32,19,41,16,NA
282,"Queensland",59,36,33,35,13,21,32,27,8,31,16,38,26,17,36,70,45,NA
283,"Queensland",15,13,23,41,15,12,26,36,9,15,21,12,64,42,25,47,40,NA
284,"Queensland",8,9,13,64,14,29,20,13,23,24,3,25,16,37,30,77,58,NA
285,"Queensland",25,21,54,40,32,41,0,13,57,28,4,25,28,97,50,25,70,NA
286,"Queensland",38,17,41,21,48,26,0,2,46,33,3,12,11,28,43,30,27,NA
287,"Queensland",12,52,112,8,16,14,3,7,36,33,7,16,32,27,51,16,41,NA
288,"Queensland",11,42,124,13,21,6,5,12,33,17,5,8,24,23,63,8,6,NA
289,"Queensland",27,42,32,23,1,39,3,11,15,17,7,18,31,13,45,19,88,NA
290,"Queensland",13,44,74,44,48,15,20,13,21,21,7,17,52,29,20,36,48,NA
291,"Queensland",19,30,44,18,34,32,17,1,9,14,6,24,42,18,46,27,37,NA
292,"Queensland",6,19,54,53,58,41,13,6,10,18,16,34,22,16,27,31,39,NA
293,"Queensland",36,8,75,24,43,35,15,5,5,26,39,31,3,14,87,11,43,NA
294,"Queensland",16,41,106,19,32,31,26,25,2,14,28,39,5,3,57,14,31,NA
295,"Queensland",23,33,115,52,51,18,35,8,8,18,7,25,40,46,83,17,5,NA
296,"Queensland",17,32,43,59,31,22,42,18,5,24,14,31,36,23,33,13,8,NA
297,"Queensland",48,23,50,54,68,4,35,47,32,29,40,11,71,47,38,36,1,NA
298,"Queensland",80,28,24,49,62,31,57,7,14,37,39,34,68,14,66,34,9,NA
299,"Queensland",27,32,54,57,50,24,42,4,13,36,62,19,153,13,38,51,22,NA
300,"Queensland",16,28,55,72,30,30,60,19,7,37,21,6,53,41,67,81,9,NA
301,"Queensland",12,16,69,63,32,28,93,13,5,14,47,7,76,35,22,25,14,NA
302,"Queensland",23,6,63,7,19,18,110,14,18,6,23,17,75,23,27,52,17,NA
303,"Queensland",42,7,39,34,26,39,81,36,30,2,63,37,26,8,54,56,23,NA
304,"Queensland",34,3,40,4,52,40,71,19,29,4,42,7,66,11,41,24,6,NA
305,"Queensland",37,24,33,19,58,54,82,17,24,5,28,17,36,5,69,40,17,NA
306,"Queensland",23,25,55,85,51,30,64,15,17,2,15,8,20,7,9,29,7,NA
307,"Queensland",55,11,94,64,68,36,29,8,20,7,10,12,12,19,35,28,3,NA
308,"Queensland",25,22,70,71,62,49,50,9,14,7,50,25,54,8,52,14,1,NA
309,"Queensland",71,17,62,54,78,35,20,25,68,3,15,21,82,37,39,65,10,NA
310,"Queensland",41,48,38,36,30,39,71,75,19,11,18,21,99,31,46,58,39,NA
311,"Queensland",32,30,55,42,78,47,58,31,38,17,10,20,294,36,27,31,44,NA
312,"Queensland",42,4,41,77,47,113,14,49,3,42,4,36,41,29,33,36,44,NA
313,"Queensland",25,11,34,74,37,53,28,14,9,40,6,9,208,16,44,31,70,NA
314,"Queensland",19,15,32,74,35,24,28,14,40,48,19,17,100,15,42,71,22,NA
315,"Queensland",20,28,7,54,36,65,20,13,46,34,15,13,136,14,39,56,71,NA
316,"Queensland",13,15,4,31,9,19,26,39,111,40,7,39,156,56,52,89,28,NA
317,"Queensland",34,62,19,26,19,54,22,106,43,30,27,35,197,47,54,67,68,NA
318,"Queensland",30,20,156,31,58,43,21,35,67,26,0,23,297,112,10,119,20,NA
319,"Queensland",21,34,40,34,23,66,41,20,30,52,11,27,114,151,30,178,17,NA
320,"Queensland",57,8,51,33,44,37,83,18,52,33,25,26,68,20,106,54,19,NA
321,"Queensland",40,21,39,34,39,51,46,1,41,96,5,29,30,51,213,98,36,NA
322,"Queensland",52,48,86,54,9,27,84,12,19,79,20,27,75,73,74,61,11,NA
323,"Queensland",77,41,94,14,30,30,42,28,35,19,1,12,36,110,23,85,19,NA
324,"Queensland",67,65,39,30,18,70,36,1,36,40,27,15,64,23,5,60,21,NA
325,"Queensland",62,52,96,16,46,37,81,6,54,39,12,42,35,140,16,42,50,NA
326,"Queensland",150,44,71,12,41,89,65,30,5,38,7,17,49,32,92,87,28,NA
327,"Queensland",67,16,179,37,80,54,243,23,27,64,2,10,120,18,70,80,35,NA
328,"Queensland",118,23,75,41,61,36,64,12,49,24,2,27,54,20,66,38,54,NA
329,"Queensland",77,30,84,47,67,11,72,33,45,0,10,38,51,28,90,34,30,NA
330,"Queensland",127,16,63,31,25,20,41,7,107,0,6,41,26,36,126,49,31,NA
331,"Queensland",109,11,58,32,31,43,51,39,53,5,16,41,144,28,61,39,74,NA
332,"Queensland",41,24,135,23,72,14,19,14,131,2,8,40,64,14,65,54,64,NA
333,"Queensland",37,35,58,80,30,13,39,9,33,37,22,57,51,26,113,47,140,NA
334,"Queensland",45,30,108,82,33,27,92,17,141,9,17,15,69,52,56,46,40,NA
335,"Queensland",23,69,86,79,22,41,23,23,129,7,23,7,7,63,274,277,22,NA
336,"Queensland",23,135,168,72,53,10,30,27,119,0,12,20,9,23,97,52,48,NA
337,"Queensland",67,70,86,47,57,3,7,18,162,7,14,10,49,95,130,86,7,NA
338,"Queensland",20,17,99,83,24,34,61,31,65,9,95,75,62,12,88,80,86,NA
339,"Queensland",49,26,46,35,47,17,63,48,204,29,14,24,68,62,60,122,27,NA
340,"Queensland",68,53,34,80,5,21,74,51,87,54,68,90,147,32,192,336,62,NA
341,"Queensland",62,35,48,47,15,6,72,33,178,27,12,14,116,72,72,103,58,NA
342,"Queensland",224,31,49,28,11,39,17,103,14,118,36,9,62,42,235,257,10,NA
343,"Queensland",81,20,96,60,16,11,96,230,163,19,8,21,177,79,85,41,9,NA
344,"Queensland",123,48,65,27,46,20,61,61,15,101,10,27,15,117,217,109,32,NA
345,"Queensland",61,56,60,6,38,52,124,51,64,56,31,38,45,53,138,28,111,NA
346,"Queensland",99,49,36,5,55,30,59,34,42,80,12,31,6,156,19,105,78,NA
347,"Queensland",47,92,22,19,42,47,154,96,29,140,19,23,9,29,22,174,79,NA
348,"Queensland",38,120,63,24,56,32,115,24,87,82,23,9,13,51,74,91,37,NA
349,"Queensland",29,108,27,50,52,46,74,51,39,50,31,4,23,13,159,218,104,NA
350,"Queensland",61,39,13,48,54,46,59,42,424,43,37,6,22,39,56,40,70,NA
351,"Queensland",57,100,15,47,43,31,62,72,217,119,31,9,3,22,80,109,60,NA
352,"Queensland",66,135,70,27,12,32,177,60,206,39,14,22,57,19,16,23,55,NA
353,"Queensland",78,83,62,11,0,44,137,8,212,102,26,22,22,54,84,162,159,NA
354,"Queensland",44,177,38,11,14,15,118,113,85,99,49,15,48,5,96,108,214,NA
355,"Queensland",19,123,60,10,1,10,81,34,208,150,12,16,15,11,150,161,78,NA
356,"Queensland",123,175,13,14,27,70,80,115,77,186,4,81,41,23,269,129,267,NA
357,"Queensland",21,117,35,14,40,13,52,50,381,122,13,25,53,20,79,111,65,NA
358,"Queensland",34,126,12,10,21,72,26,43,165,248,53,126,14,13,231,176,148,NA
359,"Queensland",17,94,27,4,18,65,63,116,232,45,37,48,56,14,88,171,206,NA
360,"Queensland",59,70,11,19,0,73,34,40,142,130,31,98,21,10,93,39,79,NA
361,"Queensland",78,117,29,71,1,112,69,14,227,19,76,128,73,14,27,70,74,NA
362,"Queensland",96,50,17,35,16,64,28,5,174,29,33,45,35,18,28,116,46,NA
363,"Queensland",47,116,18,71,55,39,41,76,42,24,118,62,61,28,308,83,116,NA
364,"Queensland",42,98,7,19,48,29,65,54,133,15,54,40,35,128,55,44,26,NA
365,"Queensland",127,222,4,19,82,58,48,82,31,17,64,121,14,60,58,13,186,NA
1,"Victoria",1,0,7,0,0,0,2,0,0,5,0,1,0,0,0,2,0,2
2,"Victoria",0,2,0,0,0,0,0,0,0,2,0,3,0,4,0,10,5,1
3,"Victoria",0,0,2,0,0,3,0,0,1,0,0,9,3,0,0,0,1,3
4,"Victoria",0,0,6,0,3,0,1,1,0,0,0,0,0,0,1,1,0,15
5,"Victoria",0,0,5,6,0,0,0,0,1,0,0,2,1,0,0,0,6,6
6,"Victoria",0,2,0,6,3,0,0,3,4,0,0,0,0,1,0,5,0,1
7,"Victoria",0,1,0,0,0,0,2,10,0,0,2,0,0,2,4,0,0,0
8,"Victoria",0,0,0,0,0,0,0,10,1,0,1,0,2,2,0,0,0,0
9,"Victoria",1,0,0,0,0,0,2,8,0,0,0,1,0,0,0,0,3,0
10,"Victoria",0,1,0,1,6,0,2,0,0,0,1,8,0,0,0,0,3,0
11,"Victoria",7,0,5,0,2,0,0,0,0,1,0,2,0,0,0,1,10,0
12,"Victoria",3,2,0,0,4,1,1,0,4,0,3,3,0,0,0,1,4,0
13,"Victoria",5,2,0,0,5,0,1,2,2,0,0,0,0,0,0,1,0,0
14,"Victoria",0,6,0,0,0,0,0,1,0,1,0,0,0,0,2,2,2,0
15,"Victoria",0,0,1,0,0,0,0,0,0,0,0,0,0,0,0,0,0,1
16,"Victoria",2,0,0,0,0,0,0,0,0,2,0,0,0,2,1,0,0,0
17,"Victoria",0,0,0,0,0,0,0,0,0,0,0,0,0,0,0,0,2,0
18,"Victoria",0,0,0,0,2,0,1,0,0,0,0,1,0,0,0,0,2,0
19,"Victoria",1,0,0,0,0,1,4,1,0,0,1,0,1,1,0,0,3,0
20,"Victoria",0,0,0,3,1,0,0,8,0,8,0,0,0,11,0,1,0,0
21,"Victoria",2,9,1,10,0,0,0,6,0,1,0,0,0,0,1,1,1,0
22,"Victoria",0,0,0,3,1,0,0,0,0,2,0,0,0,0,1,0,2,5
23,"Victoria",1,1,1,0,0,2,2,0,0,3,0,0,2,4,0,0,0,0
24,"Victoria",0,0,0,1,1,2,2,1,0,0,0,0,0,0,0,0,0,0
25,"Victoria",1,0,0,1,0,6,0,2,0,0,0,0,0,0,0,2,0,15
26,"Victoria",3,0,0,1,0,0,2,0,0,0,0,0,0,0,3,0,6,0
27,"Victoria",6,0,0,0,1,1,0,0,0,4,0,0,0,2,0,0,2,1
28,"Victoria",0,1,1,0,0,1,0,1,0,6,1,0,2,0,0,0,0,0
29,"Victoria",0,0,0,4,0,0,0,0,0,1,0,0,1,0,0,2,0,7
30,"Victoria",2,0,0,3,0,0,0,0,0,0,0,4,0,0,1,0,0,0
31,"Victoria",0,0,1,2,0,1,2,0,0,0,0,0,4,2,0,2,6,1
32,"Victoria",0,0,1,2,0,1,0,1,0,1,1,5,0,0,4,8,6,0
33,"Victoria",0,0,1,8,0,0,0,0,0,2,13,0,0,0,0,8,3,0
34,"Victoria",0,1,0,0,0,0,0,0,0,10,0,0,0,0,0,0,1,0
35,"Victoria",0,2,0,0,0,0,0,2,0,0,1,0,3,0,0,0,0,0
36,"Victoria",0,1,0,0,3,0,0,2,0,11,0,0,0,0,2,2,2,0
37,"Victoria",0,4,0,0,0,0,0,0,0,1,1,0,0,0,1,0,2,1
38,"Victoria",0,1,0,0,9,0,0,0,0,0,0,0,0,1,0,0,1,0
39,"Victoria",5,10,0,0,0,3,0,1,0,1,3,0,0,0,0,0,0,0
40,"Victoria",0,0,0,0,2,0,1,2,1,0,0,0,0,0,0,0,1,0
41,"Victoria",12,3,0,0,2,0,0,0,0,0,0,1,0,0,0,2,4,0
42,"Victoria",0,0,0,0,0,1,0,0,0,0,0,0,4,0,0,0,0,0
43,"Victoria",0,0,1,0,7,0,0,0,0,3,0,0,0,0,0,0,0,0
44,"Victoria",0,0,4,1,7,0,1,1,0,0,0,4,4,0,0,12,1,0
45,"Victoria",0,0,2,0,1,0,0,0,0,0,2,0,0,0,1,14,1,0
46,"Victoria",4,0,0,0,0,1,0,2,0,0,0,5,4,0,2,0,1,0
47,"Victoria",1,0,0,5,7,0,0,0,0,0,1,2,0,2,9,0,4,0
48,"Victoria",3,0,0,4,0,0,0,0,0,0,0,0,0,0,9,0,0,2
49,"Victoria",0,0,4,3,0,0,0,2,0,0,0,1,1,0,5,0,0,0
50,"Victoria",1,4,0,0,0,3,0,2,0,0,0,1,0,7,9,1,0,3
51,"Victoria",0,3,1,0,1,1,0,10,0,0,0,0,0,4,0,0,0,0
52,"Victoria",1,0,2,0,3,0,4,0,0,0,0,0,2,0,0,0,0,2
53,"Victoria",1,1,2,0,0,2,0,1,5,1,1,0,14,0,0,0,7,0
54,"Victoria",3,0,1,0,3,0,1,2,0,2,0,0,1,1,0,1,5,3
55,"Victoria",3,0,0,1,0,5,0,6,0,5,1,0,0,0,0,0,5,2
56,"Victoria",0,0,18,1,0,1,0,0,1,0,0,0,0,2,0,0,4,0
57,"Victoria",14,0,13,0,0,3,0,0,0,2,0,0,0,0,3,0,0,0
58,"Victoria",8,0,4,2,0,7,1,4,0,1,0,1,20,0,1,0,5,4
59,"Victoria",6,0,1,0,1,8,3,1,0,2,0,4,7,0,0,0,1,0
60,"Victoria",1,1,6,5,0,12,6,2,0,0,7,0,24,2,0,0,15,3
61,"Victoria",0,0,0,0,14,8,3,1,1,5,1,0,8,4,2,0,0,1
62,"Victoria",2,0,0,0,8,9,0,0,0,1,0,1,12,5,0,1,1,4
63,"Victoria",2,0,0,1,21,0,0,2,0,6,0,0,0,10,0,1,0,9
64,"Victoria",4,1,0,2,1,4,0,7,0,11,2,9,0,0,0,0,1,9
65,"Victoria",0,6,0,0,0,2,0,2,0,4,0,1,1,0,0,0,12,14
66,"Victoria",2,12,0,0,3,4,0,0,0,0,4,6,0,0,0,1,5,2
67,"Victoria",3,7,0,5,0,7,5,4,0,3,14,0,7,1,0,0,3,2
68,"Victoria",0,1,0,3,0,6,1,0,0,2,5,0,5,0,1,0,0,0
69,"Victoria",0,0,0,3,0,4,0,1,3,1,3,0,4,0,5,0,5,0
70,"Victoria",1,3,0,4,0,0,0,0,0,0,0,0,1,1,2,3,1,0
71,"Victoria",1,2,0,0,0,2,2,2,0,0,0,0,0,0,2,0,0,0
72,"Victoria",0,0,4,0,1,0,1,0,0,0,12,0,0,4,0,5,8,1
73,"Victoria",4,0,2,0,7,0,0,1,0,2,6,0,0,6,0,0,5,6
74,"Victoria",11,0,0,0,1,0,0,2,0,0,13,1,1,2,0,1,1,3
75,"Victoria",1,0,1,0,0,0,1,2,0,10,1,0,1,13,0,0,0,1
76,"Victoria",8,0,1,0,1,0,20,17,1,4,0,3,2,7,0,0,15,3
77,"Victoria",20,0,0,0,23,0,5,5,0,1,0,0,0,0,0,0,11,0
78,"Victoria",0,0,0,0,15,0,7,7,0,7,0,2,0,0,0,0,3,0
79,"Victoria",0,0,3,0,5,0,4,0,1,3,1,0,0,3,0,0,0,6
80,"Victoria",1,1,1,0,26,5,1,0,0,5,0,0,0,0,0,1,1,2
81,"Victoria",0,7,1,2,81,0,4,1,0,1,3,0,4,1,0,0,1,10
82,"Victoria",5,5,1,0,3,0,1,0,1,1,0,1,5,24,0,12,0,0
83,"Victoria",0,2,8,5,3,0,0,5,0,1,5,0,10,0,0,0,6,0
84,"Victoria",1,1,38,0,0,0,2,0,2,3,0,0,1,3,0,5,3,2
85,"Victoria",6,2,9,0,0,0,0,0,0,6,5,4,24,4,0,36,0,0
86,"Victoria",1,17,1,0,0,4,3,0,2,1,0,1,0,0,1,37,7,0
87,"Victoria",2,20,0,0,1,5,2,0,2,8,1,5,0,2,0,1,6,0
88,"Victoria",0,20,0,0,1,0,23,0,5,3,8,0,1,6,0,2,4,8
89,"Victoria",1,0,2,0,4,3,15,0,0,13,1,5,2,5,0,10,4,0
90,"Victoria",1,5,2,0,7,0,23,0,1,0,10,0,8,1,2,0,0,0
91,"Victoria",0,2,0,0,2,2,4,0,2,0,0,1,2,15,0,5,0,0
92,"Victoria",1,13,0,3,1,0,4,0,0,0,0,1,1,2,0,0,4,2
93,"Victoria",0,0,0,0,2,0,10,0,4,0,0,0,3,16,0,11,0,20
94,"Victoria",4,0,4,2,0,4,5,0,3,1,6,1,12,10,0,11,0,5
95,"Victoria",0,1,1,1,4,2,3,0,5,4,1,0,19,2,0,22,0,19
96,"Victoria",1,0,0,0,5,3,0,0,2,12,12,7,37,0,0,7,0,0
97,"Victoria",0,0,1,0,4,1,0,4,0,0,18,2,17,7,0,0,8,2
98,"Victoria",0,0,1,2,10,5,0,0,0,0,1,1,0,18,0,3,2,0
99,"Victoria",1,6,7,0,5,5,4,11,0,0,0,1,0,23,3,1,1,0
100,"Victoria",8,2,4,0,3,12,0,7,0,0,0,5,1,20,0,1,0,0
101,"Victoria",1,6,0,0,1,20,2,2,4,0,2,5,1,2,4,3,1,0
102,"Victoria",2,2,1,11,3,7,12,3,12,0,0,0,1,1,0,4,0,4
103,"Victoria",8,7,1,0,6,1,2,1,2,0,1,3,19,0,2,0,11,0
104,"Victoria",0,5,5,5,63,0,3,2,0,3,2,3,24,0,0,0,13,2
105,"Victoria",0,3,12,3,10,0,0,0,0,4,0,2,3,3,0,0,5,0
106,"Victoria",0,12,0,4,1,1,0,0,0,8,2,2,0,0,3,0,0,5
107,"Victoria",0,0,0,2,1,2,0,0,0,1,5,2,1,2,2,8,0,8
108,"Victoria",0,3,0,1,3,0,3,0,0,0,3,3,0,0,3,2,0,0
109,"Victoria",4,10,2,4,5,8,6,0,0,15,0,0,5,0,0,12,0,0
110,"Victoria",9,41,8,2,3,8,8,2,0,22,10,12,11,0,2,7,1,0
111,"Victoria",3,0,7,0,3,0,2,4,0,14,10,16,1,9,0,0,4,0
112,"Victoria",0,0,8,0,0,11,2,20,0,6,28,4,8,0,0,4,0,1
113,"Victoria",0,0,16,0,4,2,3,12,11,0,32,0,32,0,1,0,6,18
114,"Victoria",2,0,1,1,9,1,0,10,6,0,1,0,5,3,0,0,0,6
115,"Victoria",2,1,4,0,0,0,12,19,0,0,13,0,11,1,0,1,0,7
116,"Victoria",0,0,2,1,4,11,7,2,12,0,4,0,2,1,0,0,3,3
117,"Victoria",0,0,0,0,0,0,3,1,2,0,4,0,5,2,4,0,11,0
118,"Victoria",0,0,4,2,0,0,0,2,13,0,11,2,0,1,0,4,2,0
119,"Victoria",5,6,0,1,0,1,0,21,13,4,0,0,2,4,1,12,2,2
120,"Victoria",0,1,0,1,1,0,0,7,27,0,0,0,0,0,4,1,2,2
121,"Victoria",2,0,1,0,0,1,1,5,0,0,26,1,1,1,1,3,7,1
122,"Victoria",0,2,3,1,1,0,10,2,0,0,25,4,10,0,4,0,7,3
123,"Victoria",3,1,3,2,0,0,38,2,1,1,21,14,0,0,1,0,1,0
124,"Victoria",2,0,2,1,0,3,2,1,0,5,0,17,0,0,2,0,1,0
125,"Victoria",5,0,0,1,0,0,7,0,0,0,0,0,1,0,0,0,7,0
126,"Victoria",0,4,0,0,0,0,4,1,0,1,3,1,2,0,3,2,3,0
127,"Victoria",0,17,0,1,0,0,0,5,0,9,1,4,7,0,7,2,1,0
128,"Victoria",3,3,0,5,6,1,0,6,1,32,6,28,4,0,10,5,0,0
129,"Victoria",2,20,0,1,0,1,0,14,0,0,0,7,6,0,1,0,0,0
130,"Victoria",10,1,0,0,0,1,2,26,0,22,0,0,2,0,3,0,0,0
131,"Victoria",1,13,0,0,0,7,0,6,2,0,1,6,5,0,0,2,2,3
132,"Victoria",1,0,1,6,0,2,0,6,35,3,1,8,1,0,4,16,0,0
133,"Victoria",0,20,1,0,0,4,5,12,0,3,8,5,6,0,2,0,0,1
134,"Victoria",1,19,6,2,0,1,2,5,19,1,4,2,0,0,0,11,0,1
135,"Victoria",2,9,0,0,1,8,3,0,1,9,8,0,13,1,7,14,0,0
136,"Victoria",0,7,2,6,0,0,2,12,0,1,8,1,2,4,0,9,0,0
137,"Victoria",0,7,0,1,0,4,0,1,0,3,20,4,2,0,0,6,0,0
138,"Victoria",0,20,0,2,0,13,4,5,0,10,24,0,0,7,0,0,2,2
139,"Victoria",0,0,4,3,0,6,0,3,2,1,0,0,0,12,2,0,0,1
140,"Victoria",0,5,8,10,1,0,1,5,7,2,0,13,0,7,6,0,2,4
141,"Victoria",0,0,3,0,0,67,2,0,0,3,1,1,1,6,2,0,2,14
142,"Victoria",1,3,0,2,2,10,0,1,4,0,2,3,4,0,1,2,0,3
143,"Victoria",0,0,1,13,43,2,0,0,12,0,1,0,0,1,4,0,0,0
144,"Victoria",9,0,0,4,0,0,0,0,1,1,4,0,11,0,2,1,1,10
145,"Victoria",1,0,18,0,7,0,1,0,12,0,34,0,1,4,0,2,1,82
146,"Victoria",0,0,15,1,96,4,0,0,9,3,21,1,2,0,3,6,0,53
147,"Victoria",0,2,20,3,16,15,0,10,0,5,16,1,0,1,1,0,0,107
148,"Victoria",0,3,23,2,1,2,0,1,0,2,1,7,2,0,10,1,0,140
149,"Victoria",0,7,14,3,0,1,3,0,0,0,0,6,0,0,0,0,0,0
150,"Victoria",0,0,7,1,3,0,0,2,0,1,0,2,7,0,0,6,0,15
151,"Victoria",7,4,0,0,2,0,0,2,0,0,1,0,5,2,8,8,0,23
152,"Victoria",0,0,4,0,2,0,0,0,1,0,2,0,6,0,7,10,0,96
153,"Victoria",0,0,0,0,8,1,0,0,1,0,0,3,0,4,2,40,3,6
154,"Victoria",0,0,0,4,8,0,1,0,0,0,0,2,0,0,0,0,7,0
155,"Victoria",0,0,1,0,287,0,0,1,0,0,0,5,1,4,2,0,0,2
156,"Victoria",1,0,0,0,185,0,0,0,3,0,2,5,0,0,5,0,0,1
157,"Victoria",0,0,4,0,374,0,0,0,4,2,1,0,3,0,7,0,0,4
158,"Victoria",0,1,0,1,648,0,0,0,3,20,0,0,0,0,1,0,1,12
159,"Victoria",0,6,1,0,1034,0,3,3,0,10,2,0,4,0,0,0,5,32
160,"Victoria",0,4,0,1,466,35,0,0,0,24,4,5,0,0,1,1,0,34
161,"Victoria",0,5,0,0,477,22,0,0,0,2,1,0,0,19,3,6,0,66
162,"Victoria",0,0,0,2,994,0,0,2,1,0,15,0,1,8,0,10,0,176
163,"Victoria",0,0,0,5,513,1,0,0,1,0,8,3,0,1,1,2,1,64
164,"Victoria",0,3,0,4,955,0,2,2,0,0,0,9,7,0,0,2,0,1
165,"Victoria",0,0,0,0,583,7,10,2,0,2,5,7,3,0,1,3,0,8
166,"Victoria",1,0,2,7,769,0,0,0,0,1,0,0,5,0,0,1,0,7
167,"Victoria",7,6,0,3,850,0,0,2,1,2,0,4,1,0,0,1,0,24
168,"Victoria",0,7,0,0,61,0,0,9,1,0,0,1,4,3,0,9,0,4
169,"Victoria",0,0,0,0,61,0,1,7,1,4,1,6,25,5,0,18,0,44
170,"Victoria",103,0,4,0,449,5,0,13,0,0,0,3,16,1,2,1,1,101
171,"Victoria",101,0,4,0,730,0,0,1,0,0,1,1,2,1,3,0,0,71
172,"Victoria",111,0,1,6,93,0,1,0,0,0,4,0,1,0,0,0,0,106
173,"Victoria",74,0,0,4,624,0,0,1,0,3,2,0,9,5,0,1,0,446
174,"Victoria",251,0,0,4,492,0,3,2,0,0,0,1,0,0,3,6,0,214
175,"Victoria",38,0,6,9,6,0,0,11,2,2,1,0,0,3,0,0,0,231
176,"Victoria",32,5,0,0,1,0,0,0,0,0,0,0,0,3,0,3,4,26
177,"Victoria",14,0,5,0,20,0,0,0,3,0,3,1,0,6,0,1,7,84
178,"Victoria",8,0,7,0,3,7,1,1,0,0,0,0,7,19,3,1,2,176
179,"Victoria",5,3,14,0,7,5,1,1,0,2,0,5,2,0,3,0,7,220
180,"Victoria",5,0,9,12,22,3,0,0,0,0,3,6,10,0,0,4,0,127
181,"Victoria",8,1,8,1,36,5,1,0,0,3,11,27,1,0,0,0,4,5
182,"Victoria",9,1,0,17,141,1,7,2,3,2,1,8,3,0,0,0,0,378
183,"Victoria",0,0,0,6,67,1,1,3,0,11,1,1,2,0,0,1,3,2519
184,"Victoria",0,6,0,55,56,1,0,0,0,0,2,0,0,10,0,1,4,747
185,"Victoria",0,0,2,0,9,4,0,0,0,2,4,0,0,0,0,2,2,986
186,"Victoria",4,6,0,1,4,14,0,0,1,0,2,0,24,0,0,0,0,679
187,"Victoria",4,0,3,0,86,4,0,0,0,1,1,1,0,1,0,1,0,NA
188,"Victoria",2,0,2,0,90,19,0,2,1,10,1,0,21,0,1,2,68,NA
189,"Victoria",7,0,5,7,250,0,9,1,0,1,12,2,6,0,0,3,9,NA
190,"Victoria",2,0,0,0,37,0,3,1,0,4,25,2,8,0,1,10,31,NA
191,"Victoria",9,0,0,0,216,0,7,10,2,0,46,0,14,1,0,0,10,NA
192,"Victoria",54,3,0,0,133,1,0,5,0,0,28,3,0,1,3,0,10,NA
193,"Victoria",92,1,0,0,379,4,0,4,0,0,27,0,0,1,0,14,1,NA
194,"Victoria",128,0,0,2,605,19,0,0,0,0,8,0,0,7,0,0,1,NA
195,"Victoria",139,0,0,0,923,4,0,0,0,1,30,0,1,0,3,0,5,NA
196,"Victoria",263,0,27,1,353,9,1,5,0,1,0,1,1,3,2,0,0,NA
197,"Victoria",93,0,2,5,318,2,2,0,0,0,0,8,0,3,12,0,0,NA
198,"Victoria",149,0,37,9,543,2,7,0,0,1,0,4,0,0,0,5,2,NA
199,"Victoria",52,4,4,0,287,2,0,6,1,7,4,93,2,0,0,2,2,NA
200,"Victoria",63,6,0,0,237,1,0,5,2,1,4,350,8,2,0,2,0,NA
201,"Victoria",994,0,0,0,0,2,0,22,0,0,5,583,0,2,0,1,0,NA
202,"Victoria",528,3,4,0,0,1,0,4,0,1,241,182,0,0,6,5,0,NA
203,"Victoria",870,0,0,27,0,0,1,1,0,0,154,149,0,1,3,26,4,NA
204,"Victoria",281,0,0,95,1,0,0,3,1,1,49,121,0,0,10,10,8,NA
205,"Victoria",1346,0,0,87,0,0,3,12,0,4,49,55,1,0,0,0,4,NA
206,"Victoria",822,2,0,374,1,0,0,34,0,6,80,88,0,0,0,9,10,NA
207,"Victoria",471,1,0,162,5,0,0,5,0,0,36,83,0,1,0,1,7,NA
208,"Victoria",581,3,0,397,0,0,0,12,0,3,73,0,0,0,0,0,14,NA
209,"Victoria",1159,0,0,302,15,1,0,8,0,0,58,0,0,1,1,0,69,NA
210,"Victoria",1307,1,24,185,18,0,0,0,0,0,8,2,0,5,4,0,22,NA
211,"Victoria",346,0,24,33,4,0,2,1,0,0,5,27,0,0,0,0,0,NA
212,"Victoria",511,0,8,1,10,0,1,1,14,1,27,53,1,0,1,3,22,NA
213,"Victoria",886,0,5,0,12,1,1,2,0,0,3,10,0,0,3,0,23,NA
214,"Victoria",285,0,0,4,30,0,61,2,0,0,0,38,0,0,0,0,15,NA
215,"Victoria",350,1,1,1,5,0,72,4,0,0,5,18,0,0,0,1,6,NA
216,"Victoria",174,0,1,0,17,0,5,10,5,13,15,45,1,0,0,0,53,NA
217,"Victoria",431,0,5,0,1,2,0,0,0,5,0,99,2,5,0,2,78,NA
218,"Victoria",488,5,0,0,3,0,2,0,0,0,5,25,0,0,0,1,95,NA
219,"Victoria",931,2,0,1,4,0,1,0,0,4,10,9,0,0,2,1,0,NA
220,"Victoria",451,0,0,2,34,0,1,0,0,0,33,43,0,0,6,0,0,NA
221,"Victoria",332,0,0,3,21,0,5,0,4,0,18,100,0,0,0,0,0,NA
222,"Victoria",323,3,0,0,0,0,2,0,0,0,72,51,0,0,0,3,0,NA
223,"Victoria",191,0,0,12,0,0,915,3,0,0,64,219,2,2,0,0,0,NA
224,"Victoria",178,14,0,0,5,3,191,0,0,4,127,1008,6,4,2,0,3,NA
225,"Victoria",53,1,0,0,0,0,341,0,0,0,56,262,4,0,0,0,1,NA
226,"Victoria",156,0,0,0,1,1,185,0,0,0,81,280,0,4,0,1,0,NA
227,"Victoria",244,0,1,6,0,0,94,0,0,0,40,4,1,0,0,0,0,NA
228,"Victoria",263,0,0,0,0,0,109,3,1,0,48,7,0,5,0,0,0,NA
229,"Victoria",144,3,0,0,2,0,178,0,0,0,35,5,1,0,0,2,1,NA
230,"Victoria",243,1,0,3,0,0,102,0,2,0,1,9,5,0,0,0,7,NA
231,"Victoria",13,4,0,0,2,1,143,1,0,1,21,13,0,0,0,1,21,NA
232,"Victoria",114,1,2,0,4,0,135,2,0,5,29,43,0,1,0,0,0,NA
233,"Victoria",232,0,2,0,0,0,89,0,0,5,80,137,0,0,7,0,0,NA
234,"Victoria",125,5,1,1,0,0,34,4,1,0,172,38,2,0,1,0,0,NA
235,"Victoria",14,0,9,2,1,0,38,0,4,0,111,217,0,0,0,0,0,NA
236,"Victoria",0,0,0,1,0,0,58,0,0,5,208,5,0,0,0,0,14,NA
237,"Victoria",0,0,2,5,2,0,26,0,1,4,93,56,1,0,0,0,14,NA
238,"Victoria",1,0,2,0,1,4,70,1,11,13,70,84,20,0,3,0,7,NA
239,"Victoria",13,0,2,1,0,0,123,3,23,3,51,97,7,0,0,0,8,NA
240,"Victoria",10,10,0,0,0,0,98,16,22,13,8,142,2,0,0,2,6,NA
241,"Victoria",33,5,0,1,0,0,59,15,39,0,18,14,4,0,1,0,0,NA
242,"Victoria",28,2,0,0,0,1,57,1,0,0,0,18,19,0,3,1,2,NA
243,"Victoria",0,0,14,3,0,0,46,4,0,0,0,18,11,0,3,12,4,NA
244,"Victoria",0,3,15,4,0,1,13,0,4,0,0,0,0,0,1,7,71,NA
245,"Victoria",0,4,6,2,0,9,37,30,16,0,0,4,1,0,1,3,366,NA
246,"Victoria",0,0,2,1,5,5,25,67,29,0,5,15,29,0,2,12,221,NA
247,"Victoria",0,0,7,0,1,26,0,4,25,0,2,25,104,1,0,6,269,NA
248,"Victoria",2,1,18,0,0,0,0,0,83,0,18,5,42,0,1,6,148,NA
249,"Victoria",16,0,0,0,1,22,0,1,151,2,5,2,5,0,0,7,22,NA
250,"Victoria",4,2,0,2,0,10,0,0,347,2,0,0,20,0,2,7,49,NA
251,"Victoria",0,0,3,2,0,0,0,0,11,3,1,2,72,0,2,17,4,NA
252,"Victoria",0,2,20,8,0,4,0,0,29,5,5,0,74,0,4,30,81,NA
253,"Victoria",0,0,41,0,0,26,0,1,2,6,2,3,45,0,4,31,39,NA
254,"Victoria",1,5,49,0,0,23,2,1,9,3,0,2,129,0,11,31,38,NA
255,"Victoria",11,21,108,8,0,18,0,17,21,16,0,9,30,0,0,16,15,NA
256,"Victoria",1,16,82,0,1,3,0,64,0,41,7,2,58,0,7,12,20,NA
257,"Victoria",2,23,112,11,10,24,0,46,69,90,0,5,27,2,9,21,16,NA
258,"Victoria",0,33,26,0,4,25,0,106,67,48,0,3,30,0,25,15,101,NA
259,"Victoria",1,42,9,2,0,1,0,116,156,6,2,2,19,3,16,0,77,NA
260,"Victoria",13,43,0,15,0,18,0,121,285,0,0,0,0,23,0,10,50,NA
261,"Victoria",0,35,16,4,0,6,0,54,271,6,0,1,1,2,18,6,8,NA
262,"Victoria",1,58,32,4,2,1,5,34,358,15,0,8,1,0,11,10,13,NA
263,"Victoria",2,37,21,1,3,8,15,30,83,64,8,55,4,0,30,4,32,NA
264,"Victoria",0,0,83,35,8,3,13,64,1,69,5,4,104,0,2,19,9,NA
265,"Victoria",0,6,52,41,13,2,0,108,1,3,0,1,122,28,0,26,12,NA
266,"Victoria",1,39,53,30,4,12,3,152,3,13,0,8,9,114,0,11,1,NA
267,"Victoria",11,30,84,9,0,13,27,137,1,3,0,5,2,3,0,1,0,NA
268,"Victoria",57,61,31,14,0,2,9,272,6,0,2,14,32,0,3,5,2,NA
269,"Victoria",41,2,12,3,13,0,4,32,30,3,35,13,1,27,21,0,0,NA
270,"Victoria",31,37,37,0,40,1,9,26,68,31,121,3,2,5,18,7,48,NA
271,"Victoria",9,14,24,37,3,0,33,0,424,3,8,12,23,14,0,49,15,NA
272,"Victoria",3,1,17,9,1,15,75,6,246,211,0,15,87,0,85,104,11,NA
273,"Victoria",1,0,7,28,0,2,137,51,131,92,1,27,492,28,8,41,1,NA
274,"Victoria",50,0,139,1,2,0,135,111,178,171,0,83,347,34,0,1,0,NA
275,"Victoria",29,6,112,0,11,12,87,159,143,53,0,143,39,54,40,0,30,NA
276,"Victoria",0,9,116,7,19,88,70,20,87,41,4,12,19,43,12,15,38,NA
277,"Victoria",9,31,69,10,48,2,60,65,26,40,14,10,96,18,10,148,0,NA
278,"Victoria",4,68,18,24,89,4,0,36,125,131,24,78,43,127,124,163,7,NA
279,"Victoria",42,23,19,0,13,7,0,161,149,154,90,134,3,241,133,196,3,NA
280,"Victoria",33,111,189,1,26,12,1,13,252,150,43,87,2,113,133,48,9,NA
281,"Victoria",77,51,81,0,38,25,2,1,292,35,96,13,0,4,187,138,47,NA
282,"Victoria",2,219,39,4,30,143,17,22,527,17,62,7,4,5,93,9,23,NA
283,"Victoria",17,110,19,26,67,173,22,0,43,3,56,0,33,44,46,135,3,NA
284,"Victoria",61,99,37,2,91,46,96,1,0,0,225,0,151,67,2,4,35,NA
285,"Victoria",0,7,9,106,118,67,13,2,6,16,146,0,34,63,0,46,47,NA
286,"Victoria",15,18,49,97,55,80,20,11,1,89,81,4,42,54,31,24,227,NA
287,"Victoria",0,62,358,35,159,1,26,87,8,131,86,2,209,131,134,26,4,NA
288,"Victoria",4,57,81,0,16,16,4,28,18,201,41,124,16,49,496,2,44,NA
289,"Victoria",2,111,1,0,13,17,73,191,27,29,16,67,151,90,46,0,26,NA
290,"Victoria",8,3,23,25,22,113,1,241,68,143,4,94,45,129,102,2,49,NA
291,"Victoria",9,14,28,18,66,149,70,193,203,98,136,301,0,19,40,95,24,NA
292,"Victoria",21,0,12,26,108,123,38,40,169,239,46,8,2,31,58,246,21,NA
293,"Victoria",31,15,22,70,83,201,69,71,11,170,68,8,0,26,517,307,77,NA
294,"Victoria",2,108,37,6,202,82,104,33,0,2,114,4,43,121,103,212,42,NA
295,"Victoria",35,164,47,16,12,240,181,115,2,27,197,9,65,39,87,65,4,NA
296,"Victoria",21,129,212,14,4,60,333,74,1,39,4,6,184,12,0,53,31,NA
297,"Victoria",124,21,130,0,42,243,232,1,7,1,1,65,51,24,5,227,58,NA
298,"Victoria",35,3,60,242,20,237,101,0,28,2,27,114,3,14,37,6,95,NA
299,"Victoria",98,0,4,282,62,266,0,0,131,1,10,163,0,58,17,45,28,NA
300,"Victoria",26,6,18,581,44,46,0,13,193,3,22,13,0,66,8,29,11,NA
301,"Victoria",19,53,120,409,6,0,5,0,273,8,20,147,11,98,2,136,15,NA
302,"Victoria",25,124,115,41,0,4,2,8,145,48,64,66,19,7,1,65,12,NA
303,"Victoria",18,321,27,0,0,5,7,7,223,44,13,0,37,24,2,55,132,NA
304,"Victoria",23,58,13,0,7,25,6,12,7,76,24,7,106,1,6,207,41,NA
305,"Victoria",17,1,11,13,14,5,92,126,0,22,25,6,259,26,3,154,23,NA
306,"Victoria",7,2,12,4,11,13,15,19,6,78,18,0,18,3,23,96,4,NA
307,"Victoria",7,0,58,4,10,1,47,101,33,4,333,4,36,10,24,8,10,NA
308,"Victoria",27,86,3,5,8,1,17,13,16,1,2,0,49,17,125,4,10,NA
309,"Victoria",106,7,35,11,1,39,36,6,33,0,33,1,7,16,305,3,9,NA
310,"Victoria",125,117,3,1,5,6,92,9,38,9,9,2,8,70,69,25,85,NA
311,"Victoria",137,114,30,0,8,10,96,1,0,2,57,54,5,124,51,8,132,NA
312,"Victoria",60,97,20,6,21,2,47,3,14,4,56,77,4,63,16,281,4,NA
313,"Victoria",7,53,11,2,22,15,34,15,20,127,108,7,0,0,58,77,1,NA
314,"Victoria",0,98,37,3,17,14,47,58,52,8,232,0,0,0,64,1,0,NA
315,"Victoria",1,123,49,5,73,5,13,4,0,77,91,1,4,6,224,0,0,NA
316,"Victoria",18,275,36,75,16,4,100,15,0,4,103,15,2,1,47,0,1,NA
317,"Victoria",30,94,44,8,22,27,21,8,5,3,2,28,6,4,30,0,20,NA
318,"Victoria",2,240,25,3,34,137,7,27,6,0,7,67,3,1,139,37,37,NA
319,"Victoria",9,128,23,85,31,124,3,18,3,10,0,35,21,40,31,5,2,NA
320,"Victoria",17,38,4,64,17,66,15,2,3,5,11,68,15,18,207,52,84,NA
321,"Victoria",1,6,26,46,1,5,8,13,75,2,1,0,49,25,13,6,144,NA
322,"Victoria",1,13,56,12,0,0,29,7,1,55,0,15,28,14,6,17,69,NA
323,"Victoria",7,0,41,101,0,0,81,68,10,6,4,23,1,7,14,3,63,NA
324,"Victoria",2,12,95,11,3,4,27,7,67,4,33,9,3,1,0,0,1,NA
325,"Victoria",10,6,3,0,1,6,42,30,29,4,15,67,2,3,2,2,15,NA
326,"Victoria",5,90,29,3,4,4,42,12,0,15,18,0,11,13,0,3,39,NA
327,"Victoria",10,202,0,8,2,23,85,33,0,31,10,1,15,2,65,15,121,NA
328,"Victoria",0,1,21,31,14,3,15,6,1,23,17,0,9,3,4,24,11,NA
329,"Victoria",4,8,11,8,24,20,8,3,0,6,24,0,9,7,6,122,5,NA
330,"Victoria",14,12,16,15,15,0,16,0,0,1,4,0,21,0,2,21,1,NA
331,"Victoria",23,9,16,3,9,5,12,0,0,2,0,1,6,4,13,12,3,NA
332,"Victoria",29,3,0,5,2,4,35,0,1,0,13,0,5,0,1,14,2,NA
333,"Victoria",20,0,1,12,2,0,2,0,3,0,38,0,0,1,0,11,1,NA
334,"Victoria",11,64,0,18,7,29,8,0,15,7,14,6,0,2,2,3,3,NA
335,"Victoria",1,12,32,23,2,6,4,0,38,7,7,0,0,28,0,10,1,NA
336,"Victoria",0,133,1,1,0,2,1,5,25,23,2,0,1,18,1,30,7,NA
337,"Victoria",0,24,24,8,0,0,2,15,80,0,0,0,1,13,5,8,0,NA
338,"Victoria",16,0,36,0,0,10,0,7,4,8,0,1,2,19,34,13,1,NA
339,"Victoria",4,1,36,0,0,4,0,20,0,3,0,2,0,0,12,7,0,NA
340,"Victoria",5,0,2,3,1,0,0,0,5,0,0,0,4,2,28,26,4,NA
341,"Victoria",0,5,2,15,0,10,0,1,4,0,1,1,2,0,6,23,1,NA
342,"Victoria",1,15,4,1,4,0,0,0,0,0,0,0,3,0,0,1,7,NA
343,"Victoria",0,42,23,0,0,2,0,0,0,1,0,3,3,0,27,0,12,NA
344,"Victoria",1,62,33,15,0,0,0,3,0,0,0,1,1,0,0,1,3,NA
345,"Victoria",3,1,6,1,0,0,0,0,2,0,2,5,0,0,8,2,2,NA
346,"Victoria",0,0,3,4,0,1,1,2,15,0,14,0,8,0,2,0,16,NA
347,"Victoria",3,3,0,2,0,3,1,0,6,10,3,0,1,0,4,3,0,NA
348,"Victoria",0,2,8,2,0,1,3,0,12,7,0,0,5,0,0,0,6,NA
349,"Victoria",0,0,1,7,8,0,0,0,17,7,0,0,0,5,10,1,1,NA
350,"Victoria",0,2,11,2,0,1,0,4,16,0,0,0,0,0,10,0,10,NA
351,"Victoria",0,0,12,2,1,0,1,0,2,2,0,2,0,10,5,0,0,NA
352,"Victoria",0,3,4,1,0,7,2,2,0,1,0,1,0,0,5,0,11,NA
353,"Victoria",1,0,2,4,1,11,0,3,1,1,2,0,4,0,0,0,1,NA
354,"Victoria",0,0,2,1,0,3,2,1,0,0,0,0,0,0,12,2,0,NA
355,"Victoria",0,0,0,27,0,0,14,0,7,3,8,1,0,0,2,1,9,NA
356,"Victoria",0,0,0,0,0,1,0,0,0,7,2,0,0,0,12,4,1,NA
357,"Victoria",0,1,2,0,0,0,0,3,0,0,3,1,0,0,3,14,1,NA
358,"Victoria",0,0,0,1,0,0,4,0,1,0,6,0,3,1,4,0,0,NA
359,"Victoria",0,6,0,0,1,0,1,2,0,0,2,0,0,0,3,0,13,NA
360,"Victoria",0,3,4,1,1,0,0,0,1,0,6,2,2,0,0,2,21,NA
361,"Victoria",3,0,7,0,1,3,1,1,0,2,1,2,0,3,2,8,8,NA
362,"Victoria",0,0,4,4,0,1,4,0,8,0,15,0,0,0,0,0,7,NA
363,"Victoria",0,4,12,2,1,1,0,0,4,0,4,0,0,3,0,5,2,NA
364,"Victoria",0,8,17,3,0,0,2,0,9,0,7,0,0,4,1,1,0,NA
365,"Victoria",0,6,10,0,0,0,0,0,1,0,2,0,0,6,0,0,0,NA
